A/D,Tren,Linia,PE,MG,IC,EU,GO,SP,LH,AL,CO,BO,ML,CG,CL,VH,CR,QC,PA,SA,PL,MV,MC,ME,AB,OL,MO,AE,CB,SV,VI,MA,MB,SE,BE,CP,MQ,PI,VA,CA,PO,VN,IG
A,T301,R6,,,,,,,,,,,,,,,,,,,,,05:03,05:05,,,,,,,,,,05:11,05:17,05:18,05:21,05:27,05:33,05:37,05:42,05:47,05:49
A,R301,R5,,,,,,,,,,,,,,,,,,,,,05:10,05:12,05:18,05:21,05:29,05:33,05:38,05:43,05:50,05:53,05:54,,,,,,,,,,
A,T303,R6,,,,,,,,,,,,,,,,,,,,,05:31,05:33,,,,,,,,,,05:39,05:45,05:46,05:49,05:55,06:01,06:07,06:12,06:17,06:19
A,R303,R5,,,,,,,,,,,,,,,,,,,,,05:38,05:40,05:46,05:49,05:57,06:01,06:06,06:11,06:18,06:21,06:22,,,,,,,,,,
A,O001,S4,05:00,05:02,05:04,05:06,05:08,05:10,05:11,05:14,05:16,05:19,05:21,05:23,05:24,05:27,05:29,05:31,05:33,05:37,05:39,05:43,05:45,05:47,05:53,05:56,,,,,,,,,,,,,,,,,
A,T305,R6,,,,,,,,,,,,,,,,,,,,,05:51,05:53,,,,,,,,,,05:59,06:05,06:06,06:09,06:17,06:23,06:27,06:33,06:38,06:40
A,N401,R5,05:16,05:18,05:20,05:22,05:24,05:26,05:27,05:30,05:32,05:35,05:37,,,05:41,05:43,05:45,05:47,05:51,05:53,,05:58,06:00,06:06,06:09,06:17,06:21,06:26,06:31,06:39,06:41,06:43,,,,,,,,,,
A,T307,R6,,,,,,,,,,,,,,,,,,,,,06:03,06:05,,,,,,,,,,06:11,06:17,06:18,06:23,06:29,06:35,06:39,06:44,06:49,06:51
A,P401,R6,05:32,05:34,05:36,05:38,05:40,05:42,05:43,05:46,05:48,05:51,05:53,,05:56,05:58,06:00,06:02,06:04,06:08,06:10,,06:15,06:17,,,,,,,,,,06:32,06:38,06:39,06:42,06:48,06:55,06:58,07:04,07:09,07:11
A,R305,R5,,,,,,,,,,,,,,,,,,,,,06:18,06:20,06:26,06:29,06:37,06:41,06:46,06:51,06:58,07:01,07:02,,,,,,,,,,
A,L001,L8,05:41,05:43,05:45,05:47,05:49,05:51,05:52,05:55,05:57,06:00,06:01,,,,,,,,,,,,,,,,,,,,,,,,,,,,,,
A,O003,S4,05:50,05:52,05:54,05:56,05:58,06:00,06:01,06:04,06:06,06:09,06:11,06:13,06:14,06:17,06:19,06:21,06:23,06:27,06:29,06:33,06:35,06:37,06:43,06:46,,,,,,,,,,,,,,,,,
A,T309,R6,,,,,,,,,,,,,,,,,,,,,06:37,06:39,,,,,,,,,,06:45,06:51,06:52,06:57,07:08,07:15,07:18,07:24,07:29,07:31
A,V001,S3,06:01,06:03,06:05,06:07,06:09,06:11,06:12,06:15,06:17,06:20,06:22,06:24,06:25,06:28,06:30,,,,,,,,,,,,,,,,,,,,,,,,,,
A,P403,R6,06:12,06:14,06:16,06:18,06:20,06:22,06:23,06:26,06:28,06:31,06:33,,06:36,06:38,06:40,06:42,06:44,06:48,06:50,,06:55,06:57,,,,,,,,,,07:05,07:11,07:12,07:17,07:28,07:35,07:38,07:44,07:49,07:51
A,N403,R5,06:16,06:18,06:20,06:22,06:24,06:26,06:27,06:30,06:32,06:35,06:37,,,06:41,06:43,06:45,06:47,06:51,06:53,,06:58,07:00,07:06,07:09,07:17,07:21,07:26,07:31,07:39,07:41,07:43,,,,,,,,,,
A,O005,S4,06:22,06:24,06:26,06:28,06:30,06:32,06:33,06:36,06:38,06:41,06:43,06:45,06:46,06:49,06:51,06:53,06:55,06:59,07:01,07:05,07:07,07:09,07:15,07:18,,,,,,,,,,,,,,,,,
A,L003,L8,06:28,06:30,06:32,06:34,06:36,06:38,06:39,06:42,06:44,06:47,06:48,,,,,,,,,,,,,,,,,,,,,,,,,,,,,,
A,P405,R6,06:32,06:34,06:36,06:38,06:40,06:42,06:43,06:46,06:48,06:51,06:53,,06:56,06:58,07:00,07:02,07:04,07:08,07:10,,07:15,07:17,,,,,,,,,,07:25,07:31,07:32,07:37,07:48,07:55,07:58,08:04,08:09,08:11
A,N405,R5,06:36,06:38,06:40,06:42,06:44,06:46,06:47,06:50,06:52,06:55,06:57,,,07:01,07:03,07:05,07:07,07:11,07:13,,07:18,07:20,07:26,07:29,07:37,07:41,07:46,07:51,07:59,08:01,08:03,,,,,,,,,,
A,V003,S9,06:40,06:42,06:44,06:46,06:48,06:50,06:51,06:54,06:56,06:59,07:01,07:03,07:04,07:07,07:09,07:11,,,,,,,,,,,,,,,,,,,,,,,,,
A,M001,S8,06:45,06:47,06:49,06:51,06:53,06:55,06:56,06:59,07:01,07:04,07:06,07:08,07:09,07:12,07:14,07:16,07:18,07:22,07:24,07:28,07:30,07:32,,,,,,,,,,,,,,,,,,,
A,V005,S9,06:50,06:52,06:54,06:56,06:58,07:00,07:01,07:04,07:06,07:09,07:11,07:13,07:14,07:17,07:19,07:21,,,,,,,,,,,,,,,,,,,,,,,,,
A,O007,S4,06:55,06:57,06:59,07:01,07:03,07:05,07:06,07:09,07:11,07:14,07:16,07:18,07:19,07:22,07:24,07:26,07:28,07:32,07:34,07:38,07:40,07:42,07:48,07:51,,,,,,,,,,,,,,,,,
A,V007,S3,07:01,07:03,07:05,07:07,07:09,07:11,07:12,07:15,07:17,07:20,07:22,07:24,07:25,07:28,07:30,,,,,,,,,,,,,,,,,,,,,,,,,,
A,L005,L8,07:07,07:09,07:11,07:13,07:15,07:17,07:18,07:21,07:23,07:26,07:27,,,,,,,,,,,,,,,,,,,,,,,,,,,,,,
A,P407,R6,07:12,07:14,07:16,07:18,07:20,07:22,07:23,07:26,07:28,07:31,07:33,,07:36,07:38,07:40,07:42,07:44,07:48,07:50,,07:55,07:57,,,,,,,,,,08:05,08:11,08:12,08:17,08:28,08:35,08:38,08:44,08:49,08:51
A,N407,R5,07:16,07:18,07:20,07:22,07:24,07:26,07:27,07:30,07:32,07:35,07:37,,,07:41,07:43,07:45,07:47,07:51,07:53,,07:58,08:00,08:06,08:09,08:17,08:21,08:26,08:31,08:39,08:41,08:43,,,,,,,,,,
A,O009,S4,07:20,07:22,07:24,07:26,07:28,07:30,07:31,07:34,07:36,07:39,07:41,07:43,07:44,07:47,07:49,07:51,07:53,07:57,07:59,08:03,08:05,08:07,08:13,08:16,,,,,,,,,,,,,,,,,
A,V009,S3,07:25,07:27,07:29,07:31,07:33,07:35,07:36,07:39,07:41,07:44,07:46,07:48,07:49,07:52,07:54,,,,,,,,,,,,,,,,,,,,,,,,,,
A,M003,S8,07:30,07:32,07:34,07:36,07:38,07:40,07:41,07:44,07:46,07:49,07:51,07:53,07:54,07:57,07:59,08:01,08:03,08:07,08:09,08:13,08:15,08:17,,,,,,,,,,,,,,,,,,,
A,N409,R5,07:36,07:38,07:40,07:42,07:44,07:46,07:47,07:50,07:52,07:55,07:57,,,08:01,08:03,08:05,08:07,08:11,08:13,,08:18,08:20,08:26,08:29,08:37,08:41,08:46,08:51,08:59,09:01,09:03,,,,,,,,,,
A,V011,S9,07:40,07:42,07:44,07:46,07:48,07:50,07:51,07:54,07:56,07:59,08:01,08:03,08:04,08:07,08:09,08:11,,,,,,,,,,,,,,,,,,,,,,,,,
A,O011,S4,07:44,07:46,07:48,07:50,07:52,07:54,07:55,07:58,08:00,08:03,08:05,08:07,08:08,08:11,08:13,08:15,08:17,08:21,08:23,08:27,08:29,08:31,08:37,08:40,,,,,,,,,,,,,,,,,
A,L007,L8,07:48,07:50,07:52,07:54,07:56,07:58,07:59,08:02,08:04,08:07,08:08,,,,,,,,,,,,,,,,,,,,,,,,,,,,,,
A,P409,R6,07:52,07:54,07:56,07:58,08:00,08:02,08:03,08:06,08:08,08:11,08:13,,08:16,08:18,08:20,08:22,08:24,08:28,08:30,,08:35,08:37,,,,,,,,,,08:45,08:51,08:52,08:57,09:08,09:15,09:18,09:24,09:29,09:31
A,M213,S8,07:56,07:58,08:00,08:02,08:04,08:06,08:07,08:10,08:12,08:15,08:17,08:19,08:20,08:23,08:25,08:27,08:29,08:33,08:35,08:39,08:41,08:43,,,,,,,,,,,,,,,,,,,
A,M005,S8,08:00,08:02,08:04,08:06,08:08,08:10,08:11,08:14,08:16,08:19,08:21,08:23,08:24,08:27,08:29,08:31,08:33,08:37,08:39,08:43,08:45,08:47,,,,,,,,,,,,,,,,,,,
A,V015,S3,08:05,08:07,08:09,08:11,08:13,08:15,08:16,08:19,08:21,08:24,08:26,08:28,08:29,08:32,08:34,,,,,,,,,,,,,,,,,,,,,,,,,,
A,L009,L8,08:08,08:10,08:12,08:14,08:16,08:18,08:19,08:22,08:24,08:27,08:28,,,,,,,,,,,,,,,,,,,,,,,,,,,,,,
A,P411,R6,08:12,08:14,08:16,08:18,08:20,08:22,08:23,08:26,08:28,08:31,08:33,,08:36,08:38,08:40,08:42,08:44,08:48,08:50,,08:55,08:57,,,,,,,,,,09:05,09:11,09:12,09:17,09:28,09:35,09:38,09:44,09:49,09:51
A,N411,R5,08:16,08:18,08:20,08:22,08:24,08:26,08:27,08:30,08:32,08:35,08:37,,,08:41,08:43,08:45,08:47,08:51,08:53,,08:58,09:00,09:06,09:09,09:17,09:21,09:26,09:31,09:39,09:41,09:43,,,,,,,,,,
A,O013,S4,08:21,08:23,08:25,08:27,08:29,08:31,08:32,08:35,08:37,08:40,08:42,08:44,08:45,08:48,08:50,08:52,08:54,08:58,09:00,09:04,09:06,09:08,09:14,09:17,,,,,,,,,,,,,,,,,
A,V017,S3,08:26,08:28,08:30,08:32,08:34,08:36,08:37,08:40,08:42,08:45,08:47,08:49,08:50,08:53,08:55,,,,,,,,,,,,,,,,,,,,,,,,,,
A,L011,L8,08:31,08:33,08:35,08:37,08:39,08:41,08:42,08:45,08:47,08:50,08:51,,,,,,,,,,,,,,,,,,,,,,,,,,,,,,
A,N413,R5,08:36,08:38,08:40,08:42,08:44,08:46,08:47,08:50,08:52,08:55,08:57,,,09:01,09:03,09:05,09:07,09:11,09:13,,09:18,09:20,09:26,09:29,09:37,09:41,09:46,09:51,09:59,10:01,10:03,,,,,,,,,,
A,V019,S3,08:40,08:42,08:44,08:46,08:48,08:50,08:51,08:54,08:56,08:59,09:01,09:03,09:04,09:07,09:09,,,,,,,,,,,,,,,,,,,,,,,,,,
A,M007,S8,08:44,08:46,08:48,08:50,08:52,08:54,08:55,08:58,09:00,09:03,09:05,09:07,09:08,09:11,09:13,09:15,09:17,09:21,09:23,09:27,09:29,09:31,,,,,,,,,,,,,,,,,,,
A,L013,L8,08:48,08:50,08:52,08:54,08:56,08:58,08:59,09:02,09:04,09:07,09:08,,,,,,,,,,,,,,,,,,,,,,,,,,,,,,
A,M009,S8,08:52,08:54,08:56,08:58,09:00,09:02,09:03,09:06,09:08,09:11,09:13,09:15,09:16,09:19,09:21,09:23,09:25,09:29,09:31,09:35,09:37,09:39,,,,,,,,,,,,,,,,,,,
A,V021,S3,08:56,08:58,09:00,09:02,09:04,09:06,09:07,09:10,09:12,09:15,09:17,09:19,09:20,09:23,09:25,,,,,,,,,,,,,,,,,,,,,,,,,,
A,O015,S4,09:00,09:02,09:04,09:06,09:08,09:10,09:11,09:14,09:16,09:19,09:21,09:23,09:24,09:27,09:29,09:31,09:33,09:37,09:39,09:43,09:45,09:47,09:53,09:56,,,,,,,,,,,,,,,,,
A,M011,S8,09:05,09:07,09:09,09:11,09:13,09:15,09:16,09:19,09:21,09:24,09:26,09:28,09:29,09:32,09:34,09:36,09:38,09:42,09:44,09:48,09:50,09:52,,,,,,,,,,,,,,,,,,,
A,P413,R6,09:12,09:14,09:16,09:18,09:20,09:22,09:23,09:26,09:28,09:31,09:33,,09:36,09:38,09:40,09:42,09:44,09:48,09:50,,09:55,09:57,,,,,,,,,,10:05,10:11,10:12,10:17,10:28,10:35,10:38,10:44,10:49,10:51
A,L015,L8,09:17,09:19,09:21,09:23,09:25,09:27,09:28,09:31,09:33,09:36,09:37,,,,,,,,,,,,,,,,,,,,,,,,,,,,,,
A,M013,S8,09:23,09:25,09:27,09:29,09:31,09:33,09:34,09:37,09:39,09:42,09:44,09:46,09:47,09:50,09:52,09:54,09:56,10:00,10:02,10:06,10:08,10:10,,,,,,,,,,,,,,,,,,,
A,L017,L8,09:30,09:32,09:34,09:36,09:38,09:40,09:41,09:44,09:46,09:49,09:50,,,,,,,,,,,,,,,,,,,,,,,,,,,,,,
A,N415,R5,09:36,09:38,09:40,09:42,09:44,09:46,09:47,09:50,09:52,09:55,09:57,,,10:01,10:03,10:05,10:07,10:11,10:13,,10:18,10:20,10:26,10:29,10:37,10:41,10:46,10:51,10:59,11:01,11:03,,,,,,,,,,
A,M015,S8,09:40,09:42,09:44,09:46,09:48,09:50,09:51,09:54,09:56,09:59,10:01,10:03,10:04,10:07,10:09,10:11,10:13,10:17,10:19,10:23,10:25,10:27,,,,,,,,,,,,,,,,,,,
A,V023,S3,09:45,09:47,09:49,09:51,09:53,09:55,09:56,09:59,10:01,10:04,10:06,10:08,10:09,10:12,10:14,,,,,,,,,,,,,,,,,,,,,,,,,,
A,L019,L8,09:50,09:52,09:54,09:56,09:58,10:00,10:01,10:04,10:06,10:09,10:10,,,,,,,,,,,,,,,,,,,,,,,,,,,,,,
A,M017,S8,09:55,09:57,09:59,10:01,10:03,10:05,10:06,10:09,10:11,10:14,10:16,10:18,10:19,10:22,10:24,10:26,10:28,10:32,10:34,10:38,10:40,10:42,,,,,,,,,,,,,,,,,,,
A,O017,S4,10:01,10:03,10:05,10:07,10:09,10:11,10:12,10:15,10:17,10:20,10:22,10:24,10:25,10:28,10:30,10:32,10:34,10:38,10:40,10:44,10:46,10:48,10:54,10:57,,,,,,,,,,,,,,,,,
A,M019,S8,10:08,10:10,10:12,10:14,10:16,10:18,10:19,10:22,10:24,10:27,10:29,10:31,10:32,10:35,10:37,10:39,10:41,10:45,10:47,10:51,10:53,10:55,,,,,,,,,,,,,,,,,,,
A,P415,R6,10:15,10:17,10:19,10:21,10:23,10:25,10:26,10:29,10:31,10:34,10:36,,10:39,10:41,10:43,10:45,10:47,10:51,10:53,,10:58,11:00,,,,,,,,,,11:06,11:12,11:13,11:16,11:23,11:29,11:33,11:38,11:43,11:45
A,M021,S8,10:20,10:22,10:24,10:26,10:28,10:30,10:31,10:34,10:36,10:39,10:41,10:43,10:44,10:47,10:49,10:51,10:53,10:57,10:59,11:03,11:05,11:07,,,,,,,,,,,,,,,,,,,
A,M023,S8,10:26,10:28,10:30,10:32,10:34,10:36,10:37,10:40,10:42,10:45,10:47,10:49,10:50,10:53,10:55,10:57,10:59,11:03,11:05,11:09,11:11,11:13,,,,,,,,,,,,,,,,,,,
A,V025,S3,10:31,10:33,10:35,10:37,10:39,10:41,10:42,10:45,10:47,10:50,10:52,10:54,10:55,10:58,11:00,,,,,,,,,,,,,,,,,,,,,,,,,,
A,N417,R5,10:36,10:38,10:40,10:42,10:44,10:46,10:47,10:50,10:52,10:55,10:57,,,11:01,11:03,11:05,11:07,11:11,11:13,,11:18,11:20,11:26,11:29,11:37,11:41,11:46,11:51,11:59,12:01,12:03,,,,,,,,,,
A,L021,L8,10:43,10:45,10:47,10:49,10:51,10:53,10:54,10:57,10:59,11:02,11:03,,,,,,,,,,,,,,,,,,,,,,,,,,,,,,
A,M025,S8,10:50,10:52,10:54,10:56,10:58,11:00,11:01,11:04,11:06,11:09,11:11,11:13,11:14,11:17,11:19,11:21,11:23,11:27,11:29,11:33,11:35,11:37,,,,,,,,,,,,,,,,,,,
A,V027,S3,10:56,10:58,11:00,11:02,11:04,11:06,11:07,11:10,11:12,11:15,11:17,11:19,11:20,11:23,11:25,,,,,,,,,,,,,,,,,,,,,,,,,,
A,O019,S4,11:01,11:04,11:06,11:08,11:09,11:11,11:13,11:15,11:17,11:21,11:23,11:24,11:26,11:29,11:31,11:33,11:35,11:39,11:41,11:45,11:47,11:49,11:55,11:58,,,,,,,,,,,,,,,,,
A,M027,S8,11:08,11:10,11:12,11:14,11:16,11:18,11:19,11:22,11:24,11:27,11:29,11:31,11:32,11:35,11:37,11:39,11:41,11:45,11:47,11:51,11:53,11:55,,,,,,,,,,,,,,,,,,,
A,P417,R6,11:15,11:17,11:19,11:21,11:23,11:25,11:26,11:29,11:31,11:34,11:36,,11:39,11:41,11:43,11:45,11:47,11:51,11:53,,11:58,12:00,,,,,,,,,,12:06,12:12,12:13,12:16,12:22,12:29,12:32,12:38,12:43,12:45
A,P419,R6,11:28,11:30,11:32,11:34,11:36,11:38,11:39,11:42,11:44,11:47,11:49,,11:52,11:54,11:56,11:58,12:00,12:04,12:06,,12:11,12:13,,,,,,,,,,12:19,12:25,12:26,12:29,12:37,12:44,12:47,12:53,12:58,13:00
A,N419,R5,11:36,11:38,11:40,11:42,11:44,11:46,11:47,11:50,11:52,11:55,11:57,,,12:01,12:03,12:05,12:07,12:11,12:13,,12:18,12:20,12:26,12:29,12:37,12:41,12:46,12:51,12:59,13:01,13:03,,,,,,,,,,
A,V029,S3,11:46,11:48,11:50,11:52,11:54,11:56,11:57,12:00,12:02,12:05,12:07,12:09,12:10,12:13,12:15,,,,,,,,,,,,,,,,,,,,,,,,,,
A,N421,R5,11:56,11:58,12:00,12:02,12:04,12:06,12:07,12:10,12:12,12:15,12:17,,,12:21,12:23,12:25,12:27,12:31,12:33,,12:38,12:40,12:46,12:49,12:57,13:01,13:06,13:11,13:19,13:21,13:23,,,,,,,,,,
A,P421,R6,12:08,12:10,12:12,12:14,12:16,12:18,12:19,12:22,12:24,12:27,12:29,,12:32,12:34,12:36,12:38,12:40,12:44,12:46,,12:51,12:53,,,,,,,,,,12:59,13:05,13:06,13:09,13:17,13:24,13:27,13:33,13:38,13:40
A,L023,L8,12:16,12:18,12:20,12:22,12:24,12:26,12:27,12:30,12:32,12:35,12:36,,,,,,,,,,,,,,,,,,,,,,,,,,,,,,
A,V031,S3,12:22,12:24,12:26,12:28,12:30,12:32,12:33,12:36,12:38,12:41,12:43,12:45,12:46,12:49,12:51,,,,,,,,,,,,,,,,,,,,,,,,,,
A,P423,R6,12:28,12:30,12:32,12:34,12:36,12:38,12:39,12:42,12:44,12:47,12:49,,12:52,12:54,12:56,12:58,13:00,13:04,13:06,,13:11,13:13,,,,,,,,,,13:19,13:25,13:26,13:29,13:37,13:44,13:47,13:53,13:58,14:00
A,N423,R5,12:36,12:38,12:40,12:42,12:44,12:46,12:47,12:50,12:52,12:55,12:57,,,13:01,13:03,13:05,13:07,13:11,13:13,,13:18,13:20,13:26,13:29,13:37,13:41,13:46,13:51,13:59,14:01,14:03,,,,,,,,,,
A,L025,L8,12:46,12:48,12:50,12:52,12:54,12:56,12:57,13:00,13:02,13:05,13:06,,,,,,,,,,,,,,,,,,,,,,,,,,,,,,
A,M029,S8,13:02,13:04,13:06,13:08,13:10,13:12,13:13,13:16,13:18,13:21,13:23,13:25,13:26,13:29,13:31,13:33,13:35,13:39,13:41,13:45,13:47,13:49,,,,,,,,,,,,,,,,,,,
A,P425,R6,13:08,13:10,13:12,13:14,13:16,13:18,13:19,13:22,13:24,13:27,13:29,,13:32,13:34,13:36,13:38,13:40,13:44,13:46,,13:51,13:53,,,,,,,,,,13:59,14:05,14:06,14:09,14:17,14:24,14:27,14:33,14:38,14:40
A,L027,L8,13:13,13:15,13:17,13:19,13:21,13:23,13:24,13:27,13:29,13:32,13:33,,,,,,,,,,,,,,,,,,,,,,,,,,,,,,
A,O331,S4,13:18,13:20,13:22,13:24,13:26,13:28,13:29,13:32,13:34,13:37,13:39,13:41,13:42,13:45,13:47,13:49,13:51,13:55,13:57,14:01,14:03,14:06,14:11,14:14,,,,,,,,,,,,,,,,,
A,L029,L8,13:23,13:25,13:27,13:29,13:31,13:33,13:34,13:37,13:39,13:42,13:43,,,,,,,,,,,,,,,,,,,,,,,,,,,,,,
A,P427,R6,13:28,13:30,13:32,13:34,13:36,13:38,13:39,13:42,13:44,13:47,13:49,,13:52,13:54,13:56,13:58,14:00,14:04,14:06,,14:11,14:13,,,,,,,,,,14:19,14:25,14:26,14:29,14:37,14:44,14:47,14:53,14:58,15:00
A,L031,L8,13:32,13:34,13:36,13:38,13:40,13:42,13:43,13:46,13:48,13:51,13:52,,,,,,,,,,,,,,,,,,,,,,,,,,,,,,
A,N427,R5,13:36,13:38,13:40,13:42,13:44,13:46,13:47,13:50,13:52,13:55,13:57,,,14:01,14:03,14:05,14:07,14:11,14:13,,14:18,14:20,14:26,14:29,14:37,14:41,14:46,14:51,14:59,15:01,15:03,,,,,,,,,,
A,M033,S8,13:43,13:45,13:47,13:49,13:51,13:53,13:54,13:57,13:59,14:02,14:04,14:06,14:07,14:10,14:12,14:14,14:16,14:20,14:22,14:26,14:28,14:30,,,,,,,,,,,,,,,,,,,
A,L033,L8,13:50,13:52,13:54,13:56,13:58,14:00,14:01,14:04,14:06,14:09,14:10,,,,,,,,,,,,,,,,,,,,,,,,,,,,,,
A,N429,R5,13:56,13:58,14:00,14:02,14:04,14:06,14:07,14:10,14:12,14:15,14:17,,,14:21,14:23,14:25,14:27,14:31,14:33,,14:38,14:40,14:46,14:49,14:57,15:01,15:06,15:11,15:19,15:21,15:23,,,,,,,,,,
A,L035,L8,14:02,14:04,14:06,14:08,14:10,14:12,14:13,14:16,14:18,14:21,14:22,,,,,,,,,,,,,,,,,,,,,,,,,,,,,,
A,P429,R6,14:08,14:10,14:12,14:14,14:16,14:18,14:19,14:22,14:24,14:27,14:29,,14:32,14:34,14:36,14:38,14:40,14:44,14:46,,14:51,14:53,,,,,,,,,,14:59,15:05,15:06,15:09,15:17,15:24,15:27,15:33,15:38,15:40
A,M035,S8,14:13,14:15,14:17,14:19,14:21,14:23,14:24,14:27,14:29,14:32,14:34,14:36,14:37,14:40,14:42,14:44,14:46,14:50,14:52,14:56,14:58,15:00,,,,,,,,,,,,,,,,,,,
A,O337,S4,14:18,14:20,14:22,14:24,14:26,14:28,14:29,14:32,14:34,14:37,14:39,14:41,14:42,14:45,14:47,14:49,14:51,14:55,14:57,15:01,15:03,15:06,15:11,15:14,,,,,,,,,,,,,,,,,
A,L037,L8,14:23,14:25,14:27,14:29,14:31,14:33,14:34,14:37,14:39,14:42,14:43,,,,,,,,,,,,,,,,,,,,,,,,,,,,,,
A,P431,R6,14:28,14:30,14:32,14:34,14:36,14:38,14:39,14:42,14:44,14:47,14:49,,14:52,14:54,14:56,14:58,15:00,15:04,15:06,,15:11,15:13,,,,,,,,,,15:19,15:25,15:26,15:29,15:37,15:44,15:47,15:53,15:58,16:00
A,N431,R5,14:36,14:38,14:40,14:42,14:44,14:46,14:47,14:50,14:52,14:55,14:57,,,15:01,15:03,15:05,15:07,15:11,15:13,,15:18,15:20,15:26,15:29,15:37,15:41,15:46,15:51,15:59,16:01,16:03,,,,,,,,,,
A,V033,S3,14:41,14:43,14:45,14:47,14:49,14:51,14:52,14:55,14:57,15:00,15:02,15:04,15:05,15:08,15:10,,,,,,,,,,,,,,,,,,,,,,,,,,
A,O339,S4,14:46,14:48,14:50,14:52,14:54,14:56,14:57,15:00,15:02,15:05,15:07,15:09,15:10,15:13,15:15,15:17,15:19,15:23,15:25,15:29,15:31,15:34,15:39,15:42,,,,,,,,,,,,,,,,,
A,L041,L8,14:51,14:53,14:55,14:57,14:59,15:01,15:02,15:05,15:07,15:10,15:11,,,,,,,,,,,,,,,,,,,,,,,,,,,,,,
A,N433,R5,14:56,14:58,15:00,15:02,15:04,15:06,15:07,15:10,15:12,15:15,15:17,,,15:21,15:23,15:25,15:27,15:31,15:33,,15:38,15:40,15:46,15:49,15:57,16:01,16:06,16:11,16:19,16:21,16:23,,,,,,,,,,
A,M041,S8,15:02,15:04,15:06,15:08,15:10,15:12,15:13,15:16,15:18,15:21,15:23,15:25,15:26,15:29,15:31,15:33,15:35,15:39,15:41,15:45,15:47,15:49,,,,,,,,,,,,,,,,,,,
A,P433,R6,15:08,15:10,15:12,15:14,15:16,15:18,15:19,15:22,15:24,15:27,15:29,,15:32,15:34,15:36,15:38,15:40,15:44,15:46,,15:51,15:53,,,,,,,,,,15:59,16:05,16:06,16:09,16:17,16:24,16:27,16:33,16:38,16:40
A,L043,L8,15:13,15:15,15:17,15:19,15:21,15:23,15:24,15:27,15:29,15:32,15:33,,,,,,,,,,,,,,,,,,,,,,,,,,,,,,
A,M043,S8,15:18,15:20,15:22,15:24,15:26,15:28,15:29,15:32,15:34,15:37,15:39,15:41,15:42,15:45,15:47,15:49,15:51,15:55,15:57,16:01,16:03,16:05,,,,,,,,,,,,,,,,,,,
A,L045,L8,15:23,15:25,15:27,15:29,15:31,15:33,15:34,15:37,15:39,15:42,15:43,,,,,,,,,,,,,,,,,,,,,,,,,,,,,,
A,P435,R6,15:28,15:30,15:32,15:34,15:36,15:38,15:39,15:42,15:44,15:47,15:49,,15:52,15:54,15:56,15:58,16:00,16:04,16:06,,16:11,16:13,,,,,,,,,,16:19,16:25,16:26,16:29,16:37,16:44,16:47,16:53,16:58,17:00
A,L047,L8,15:32,15:34,15:36,15:38,15:40,15:42,15:43,15:46,15:48,15:51,15:52,,,,,,,,,,,,,,,,,,,,,,,,,,,,,,
A,N435,R5,15:36,15:38,15:40,15:42,15:44,15:46,15:47,15:50,15:52,15:55,15:57,,,16:01,16:03,16:05,16:07,16:11,16:13,,16:18,16:20,16:26,16:29,16:37,16:41,16:46,16:51,16:59,17:01,17:03,,,,,,,,,,
A,O345,S4,15:41,15:43,15:45,15:47,15:49,15:51,15:52,15:55,15:57,16:00,16:02,16:04,16:05,16:08,16:10,16:12,16:14,16:18,16:20,16:24,16:26,16:29,16:34,16:37,,,,,,,,,,,,,,,,,
A,L049,L8,15:46,15:48,15:50,15:52,15:54,15:56,15:57,16:00,16:02,16:05,16:06,,,,,,,,,,,,,,,,,,,,,,,,,,,,,,
A,M235,S8,15:51,15:53,15:55,15:57,15:59,16:01,16:02,16:05,16:07,16:10,16:12,16:14,16:15,16:18,16:20,16:22,16:24,16:28,16:30,16:34,16:36,16:38,,,,,,,,,,,,,,,,,,,
A,N437,R5,15:56,15:58,16:00,16:02,16:04,16:06,16:07,16:10,16:12,16:15,16:17,,,16:21,16:23,16:25,16:27,16:31,16:33,,16:38,16:40,16:46,16:49,16:57,17:01,17:06,17:11,17:19,17:21,17:23,,,,,,,,,,
A,P437,R6,16:08,16:10,16:12,16:14,16:16,16:18,16:19,16:22,16:24,16:27,16:29,,16:32,16:34,16:36,16:38,16:40,16:44,16:46,,16:51,16:53,,,,,,,,,,16:59,17:05,17:06,17:09,17:17,17:24,17:27,17:33,17:38,17:40
A,L051,L8,16:13,16:15,16:17,16:19,16:21,16:23,16:24,16:27,16:29,16:32,16:33,,,,,,,,,,,,,,,,,,,,,,,,,,,,,,
A,M047,S8,16:18,16:20,16:22,16:24,16:26,16:28,16:29,16:32,16:34,16:37,16:39,16:41,16:42,16:45,16:47,16:49,16:51,16:55,16:57,17:01,17:03,17:05,,,,,,,,,,,,,,,,,,,
A,L053,L8,16:23,16:25,16:27,16:29,16:31,16:33,16:34,16:37,16:39,16:42,16:43,,,,,,,,,,,,,,,,,,,,,,,,,,,,,,
A,P439,R6,16:28,16:30,16:32,16:34,16:36,16:38,16:39,16:42,16:44,16:47,16:49,,16:52,16:54,16:56,16:58,17:00,17:04,17:06,,17:11,17:13,,,,,,,,,,17:19,17:25,17:26,17:29,17:37,17:44,17:47,17:53,17:58,18:00
A,L055,L8,16:32,16:34,16:36,16:38,16:40,16:42,16:43,16:46,16:48,16:51,16:52,,,,,,,,,,,,,,,,,,,,,,,,,,,,,,
A,N439,R5,16:36,16:38,16:40,16:42,16:44,16:46,16:47,16:50,16:52,16:55,16:57,,,17:01,17:03,17:05,17:07,17:11,17:13,,17:18,17:20,17:26,17:29,17:37,17:41,17:46,17:51,17:59,18:01,18:03,,,,,,,,,,
A,M049,S8,16:41,16:43,16:45,16:47,16:49,16:51,16:52,16:55,16:57,17:00,17:02,17:04,17:05,17:08,17:10,17:12,17:14,17:18,17:20,17:24,17:26,17:28,,,,,,,,,,,,,,,,,,,
A,L057,L8,16:46,16:48,16:50,16:52,16:54,16:56,16:57,17:00,17:02,17:05,17:06,,,,,,,,,,,,,,,,,,,,,,,,,,,,,,
A,V039,S3,16:51,16:53,16:55,16:57,16:59,17:01,17:02,17:05,17:07,17:10,17:12,17:14,17:15,17:18,17:20,,,,,,,,,,,,,,,,,,,,,,,,,,
A,N441,R5,16:56,16:58,17:00,17:02,17:04,17:06,17:07,17:10,17:12,17:15,17:17,,,17:21,17:23,17:25,17:27,17:31,17:33,,17:38,17:40,17:46,17:49,17:57,18:01,18:06,18:11,18:19,18:21,18:23,,,,,,,,,,
A,O351,S4,17:00,17:02,17:04,17:06,17:08,17:10,17:11,17:14,17:16,17:19,17:21,17:23,17:24,17:27,17:29,17:31,17:33,17:37,17:39,17:43,17:45,17:48,17:53,17:56,,,,,,,,,,,,,,,,,
A,V041,S3,17:03,17:05,17:07,17:09,17:11,17:13,17:14,17:17,17:19,17:22,17:24,17:26,17:27,17:30,17:32,,,,,,,,,,,,,,,,,,,,,,,,,,
A,L059,L8,17:08,17:10,17:12,17:14,17:16,17:18,17:19,17:22,17:24,17:27,17:28,,,,,,,,,,,,,,,,,,,,,,,,,,,,,,
A,P541,R60,17:13,,17:17,17:18,17:20,17:22,17:23,17:26,17:28,17:31,,,17:35,17:37,,,,17:45,,,17:51,,,,,,,,,,,17:59,,,18:09,18:17,18:24,18:27,18:33,18:38,18:40
A,M053,S8,17:18,17:20,17:22,17:24,17:26,17:28,17:29,17:32,17:34,17:37,17:39,17:41,17:42,17:45,17:47,17:49,17:51,17:55,17:57,18:01,18:03,18:05,,,,,,,,,,,,,,,,,,,
A,L061,L8,17:23,17:25,17:27,17:29,17:31,17:33,17:34,17:37,17:39,17:42,17:43,,,,,,,,,,,,,,,,,,,,,,,,,,,,,,
A,V043,S3,17:32,17:34,17:36,17:38,17:40,17:42,17:43,17:46,17:48,17:51,17:53,17:55,17:56,17:59,18:01,,,,,,,,,,,,,,,,,,,,,,,,,,
A,L063,L8,17:37,17:39,17:41,17:43,17:45,17:47,17:48,17:51,17:53,17:56,17:57,,,,,,,,,,,,,,,,,,,,,,,,,,,,,,
A,N543,R50,17:41,,17:45,17:46,17:48,17:50,17:51,17:54,17:56,17:59,,,,18:04,,,18:09,18:13,,,18:19,,18:26,18:30,,18:41,,18:51,18:59,19:01,19:03,,,,,,,,,,
A,M055,S8,17:43,17:45,17:47,17:49,17:51,17:53,17:54,17:57,17:59,18:02,18:04,18:06,18:07,18:10,18:12,18:14,18:16,18:20,18:22,18:26,18:28,18:30,,,,,,,,,,,,,,,,,,,
A,L065,L8,17:47,17:49,17:51,17:53,17:55,17:57,17:58,18:01,18:03,18:06,18:07,,,,,,,,,,,,,,,,,,,,,,,,,,,,,,
A,M057,S8,17:51,17:53,17:55,17:57,17:59,18:01,18:02,18:05,18:07,18:10,18:12,18:14,18:15,18:18,18:20,18:22,18:24,18:28,18:30,18:34,18:36,18:38,,,,,,,,,,,,,,,,,,,
A,N445,R5,17:56,17:58,18:00,18:02,18:04,18:06,18:07,18:10,18:12,18:15,18:17,,,18:21,18:23,18:25,18:27,18:31,18:33,,18:38,18:40,18:46,18:49,18:57,19:01,19:06,19:11,19:19,19:21,19:23,,,,,,,,,,
A,M059,S8,18:00,18:02,18:04,18:06,18:08,18:10,18:11,18:14,18:16,18:19,18:21,18:23,18:24,18:27,18:29,18:31,18:33,18:37,18:39,18:43,18:45,18:47,,,,,,,,,,,,,,,,,,,
A,V045,S3,18:03,18:05,18:07,18:09,18:11,18:13,18:14,18:17,18:19,18:22,18:24,18:26,18:27,18:30,18:32,,,,,,,,,,,,,,,,,,,,,,,,,,
A,L067,L8,18:08,18:10,18:12,18:14,18:16,18:18,18:19,18:22,18:24,18:27,18:28,,,,,,,,,,,,,,,,,,,,,,,,,,,,,,
A,P545,R60,18:13,,18:17,18:18,18:20,18:22,18:23,18:26,18:28,18:31,,,18:35,18:37,,,,18:45,,,18:51,,,,,,,,,,,18:59,,,19:09,19:17,19:24,19:27,19:33,19:38,19:40
A,O361,S4,18:18,18:20,18:22,18:24,18:26,18:28,18:29,18:32,18:34,18:37,18:39,18:41,18:42,18:45,18:47,18:49,18:51,18:55,18:57,19:01,19:03,19:06,19:11,19:14,,,,,,,,,,,,,,,,,
A,L069,L8,18:23,18:25,18:27,18:29,18:31,18:33,18:34,18:37,18:39,18:42,18:43,,,,,,,,,,,,,,,,,,,,,,,,,,,,,,
A,P447,R6,18:28,18:30,18:32,18:34,18:36,18:38,18:39,18:42,18:44,18:47,18:49,,18:52,18:54,18:56,18:58,19:00,19:04,19:06,,19:11,19:13,,,,,,,,,,19:19,19:25,19:26,19:29,19:37,19:44,19:47,19:53,19:58,20:00
A,V047,S3,18:32,18:34,18:36,18:38,18:40,18:42,18:43,18:46,18:48,18:51,18:53,18:55,18:56,18:59,19:01,,,,,,,,,,,,,,,,,,,,,,,,,,
A,L071,L8,18:37,18:39,18:41,18:43,18:45,18:47,18:48,18:51,18:53,18:56,18:57,,,,,,,,,,,,,,,,,,,,,,,,,,,,,,
A,N547,R50,18:41,,18:45,18:46,18:48,18:50,18:51,18:54,18:56,18:59,,,,19:04,,,19:09,19:13,,,19:19,,19:26,19:30,,19:41,,19:51,19:59,20:01,20:03,,,,,,,,,,
A,L073,L8,18:47,18:49,18:51,18:53,18:55,18:57,18:58,19:01,19:03,19:06,19:07,,,,,,,,,,,,,,,,,,,,,,,,,,,,,,
A,M065,S8,18:51,18:53,18:55,18:57,18:59,19:01,19:02,19:05,19:07,19:10,19:12,19:14,19:15,19:18,19:20,19:22,19:24,19:28,19:30,19:34,19:36,19:38,,,,,,,,,,,,,,,,,,,
A,N449,R5,18:56,18:58,19:00,19:02,19:04,19:06,19:07,19:10,19:12,19:15,19:17,,,19:21,19:23,19:25,19:27,19:31,19:33,,19:38,19:40,19:46,19:49,19:57,20:01,20:06,20:11,20:19,20:21,20:23,,,,,,,,,,
A,M067,S8,19:00,19:02,19:04,19:06,19:08,19:10,19:11,19:14,19:16,19:19,19:21,19:23,19:24,19:27,19:29,19:31,19:33,19:37,19:39,19:43,19:45,19:47,,,,,,,,,,,,,,,,,,,
A,V049,S3,19:03,19:05,19:07,19:09,19:11,19:13,19:14,19:17,19:19,19:22,19:24,19:26,19:27,19:30,19:32,,,,,,,,,,,,,,,,,,,,,,,,,,
A,L075,L8,19:08,19:10,19:12,19:14,19:16,19:18,19:19,19:22,19:24,19:27,19:28,,,,,,,,,,,,,,,,,,,,,,,,,,,,,,
A,P549,R60,19:13,,19:17,19:18,19:20,19:22,19:23,19:26,19:28,19:31,,,19:35,19:37,,,,19:45,,,19:51,,,,,,,,,,,19:59,,,20:09,20:17,20:24,20:27,20:33,20:38,20:40
A,O369,S4,19:18,19:20,19:22,19:24,19:26,19:28,19:29,19:32,19:34,19:37,19:39,19:41,19:42,19:45,19:47,19:49,19:51,19:55,19:57,20:01,20:03,20:06,20:11,20:14,,,,,,,,,,,,,,,,,
A,L077,L8,19:23,19:25,19:27,19:29,19:31,19:33,19:34,19:37,19:39,19:42,19:43,,,,,,,,,,,,,,,,,,,,,,,,,,,,,,
A,P451,R6,19:28,19:30,19:32,19:34,19:36,19:38,19:39,19:42,19:44,19:47,19:49,,19:52,19:54,19:56,19:58,20:00,20:04,20:06,,20:11,20:13,,,,,,,,,,20:19,20:25,20:26,20:29,20:37,20:44,20:47,20:53,20:58,21:00
A,V051,S3,19:32,19:34,19:36,19:38,19:40,19:42,19:43,19:46,19:48,19:51,19:53,19:55,19:56,19:59,20:01,,,,,,,,,,,,,,,,,,,,,,,,,,
A,L079,L8,19:37,19:39,19:41,19:43,19:45,19:47,19:48,19:51,19:53,19:56,19:57,,,,,,,,,,,,,,,,,,,,,,,,,,,,,,
A,N551,R50,19:41,,19:45,19:46,19:48,19:50,19:51,19:54,19:56,19:59,,,,20:04,,,20:09,20:13,,,20:19,,20:26,20:30,,20:41,,20:51,20:59,21:01,21:03,,,,,,,,,,
A,M071,S8,19:43,19:45,19:47,19:49,19:51,19:53,19:54,19:57,19:59,20:02,20:04,20:06,20:07,20:10,20:12,20:14,20:16,20:20,20:22,20:26,20:28,20:30,,,,,,,,,,,,,,,,,,,
A,M073,S8,19:47,19:49,19:51,19:53,19:55,19:57,19:58,20:01,20:03,20:06,20:08,20:10,20:11,20:14,20:16,20:18,20:20,20:24,20:26,20:30,20:32,20:34,,,,,,,,,,,,,,,,,,,
A,L081,L8,19:51,19:53,19:55,19:57,19:59,20:01,20:02,20:05,20:07,20:10,20:11,,,,,,,,,,,,,,,,,,,,,,,,,,,,,,
A,N453,R5,19:56,19:58,20:00,20:02,20:04,20:06,20:07,20:10,20:12,20:15,20:17,,,20:21,20:23,20:25,20:27,20:31,20:33,,20:38,20:40,20:46,20:49,20:57,21:01,21:06,21:11,21:19,21:21,21:23,,,,,,,,,,
A,L083,L8,20:04,20:06,20:08,20:10,20:12,20:14,20:15,20:18,20:20,20:23,20:24,,,,,,,,,,,,,,,,,,,,,,,,,,,,,,
A,P453,R6,20:08,20:10,20:12,20:14,20:16,20:18,20:19,20:22,20:24,20:27,20:29,,20:32,20:34,20:36,20:38,20:40,20:44,20:46,,20:51,20:53,,,,,,,,,,20:59,21:05,21:06,21:09,21:17,21:24,21:27,21:33,21:38,21:40
A,L085,L8,20:13,20:15,20:17,20:19,20:21,20:23,20:24,20:27,20:29,20:32,20:33,,,,,,,,,,,,,,,,,,,,,,,,,,,,,,
A,M075,S8,20:18,20:20,20:22,20:24,20:26,20:28,20:29,20:32,20:34,20:37,20:39,20:41,20:42,20:45,20:47,20:49,20:51,20:55,20:57,21:01,21:03,21:05,,,,,,,,,,,,,,,,,,,
A,L087,L8,20:24,20:26,20:28,20:30,20:32,20:34,20:35,20:38,20:40,20:43,20:44,,,,,,,,,,,,,,,,,,,,,,,,,,,,,,
A,M077,S8,20:30,20:32,20:34,20:36,20:38,20:40,20:41,20:44,20:46,20:49,20:51,20:53,20:54,20:57,20:59,21:01,21:03,21:07,21:09,21:13,21:15,21:17,,,,,,,,,,,,,,,,,,,
A,N455,R5,20:36,20:38,20:40,20:42,20:44,20:46,20:47,20:50,20:52,20:55,20:57,,,21:01,21:03,21:05,21:07,21:11,21:13,,21:18,21:20,21:26,21:29,21:37,21:41,21:46,21:51,21:59,22:01,22:03,,,,,,,,,,
A,L089,L8,20:41,20:43,20:45,20:47,20:49,20:51,20:52,20:55,20:57,21:00,21:01,,,,,,,,,,,,,,,,,,,,,,,,,,,,,,
A,M079,S8,20:46,20:48,20:50,20:52,20:54,20:56,20:57,21:00,21:02,21:05,21:07,21:09,21:10,21:13,21:15,21:17,21:19,21:23,21:25,21:29,21:31,21:33,,,,,,,,,,,,,,,,,,,
A,L091,L8,20:51,20:53,20:55,20:57,20:59,21:01,21:02,21:05,21:07,21:10,21:11,,,,,,,,,,,,,,,,,,,,,,,,,,,,,,
A,O021,S4,20:56,20:58,21:00,21:02,21:04,21:06,21:07,21:10,21:12,21:15,21:17,21:19,21:20,21:23,21:25,21:27,21:29,21:33,21:35,21:39,21:41,21:43,21:49,21:52,,,,,,,,,,,,,,,,,
A,M081,S8,21:01,21:03,21:05,21:07,21:09,21:11,21:12,21:15,21:17,21:20,21:22,21:24,21:25,21:28,21:30,21:32,21:34,21:38,21:40,21:44,21:46,21:48,,,,,,,,,,,,,,,,,,,
A,P455,R6,21:08,21:10,21:12,21:14,21:16,21:18,21:19,21:22,21:24,21:27,21:29,,21:32,21:34,21:36,21:38,21:40,21:44,21:46,,21:51,21:53,,,,,,,,,,21:59,22:05,22:06,22:09,22:17,22:24,22:27,22:33,22:38,22:40
A,M083,S8,21:15,21:17,21:19,21:21,21:23,21:25,21:26,21:29,21:31,21:34,21:36,21:38,21:39,21:42,21:44,21:46,21:48,21:52,21:54,21:58,22:00,22:02,,,,,,,,,,,,,,,,,,,
A,M085,S8,21:22,21:24,21:26,21:28,21:30,21:32,21:33,21:36,21:38,21:41,21:43,21:45,21:46,21:49,21:51,21:53,21:55,21:59,22:01,22:05,22:07,22:09,,,,,,,,,,,,,,,,,,,
A,V055,S3,21:29,21:31,21:33,21:35,21:37,21:39,21:40,21:43,21:45,21:48,21:50,21:52,21:53,21:56,21:58,,,,,,,,,,,,,,,,,,,,,,,,,,
A,N457,R5,21:36,21:38,21:40,21:42,21:44,21:46,21:47,21:50,21:52,21:55,21:57,,,22:01,22:03,22:05,22:07,22:11,22:13,,22:18,22:20,22:26,22:29,22:37,22:41,22:46,22:51,22:59,23:01,23:03,,,,,,,,,,
A,O023,S4,21:51,21:53,21:55,21:57,21:59,22:01,22:02,22:05,22:07,22:10,22:12,22:14,22:15,22:18,22:20,22:22,22:24,22:28,22:30,22:34,22:36,22:38,22:44,22:47,,,,,,,,,,,,,,,,,
A,P457,R6,22:00,22:02,22:04,22:06,22:08,22:10,22:11,22:14,22:16,22:19,22:21,,22:24,22:26,22:28,22:30,22:32,22:36,22:38,,22:43,22:45,,,,,,,,,,22:51,22:57,22:58,23:00,23:07,23:14,23:17,23:23,23:28,23:30
A,L093,L8,22:06,22:08,22:10,22:12,22:14,22:16,22:17,22:20,22:22,22:25,22:26,,,,,,,,,,,,,,,,,,,,,,,,,,,,,,
A,M089,S8,22:15,22:17,22:19,22:21,22:23,22:25,22:26,22:29,22:31,22:34,22:36,22:38,22:39,22:42,22:44,22:46,22:48,22:52,22:54,22:58,23:00,23:02,,,,,,,,,,,,,,,,,,,
A,L095,L8,22:21,22:23,22:25,22:27,22:29,22:31,22:32,22:35,22:37,22:40,22:41,,,,,,,,,,,,,,,,,,,,,,,,,,,,,,
A,N459,R5,22:30,22:32,22:34,22:36,22:38,22:40,22:41,22:44,22:46,22:49,22:51,,,22:55,22:57,22:59,23:01,23:05,23:07,,23:12,23:14,23:20,23:23,23:31,23:35,23:40,23:45,23:53,23:55,23:57,,,,,,,,,,
A,L097,L8,22:45,22:47,22:49,22:51,22:53,22:55,22:56,22:59,23:01,23:04,23:05,,,,,,,,,,,,,,,,,,,,,,,,,,,,,,
A,M091,S8,23:00,23:02,23:04,23:06,23:08,23:10,23:11,23:14,23:16,23:19,23:21,23:23,23:24,23:27,23:29,23:31,23:33,23:37,23:39,23:43,23:45,23:47,,,,,,,,,,,,,,,,,,,
A,M093,S8,23:15,23:17,23:19,23:21,23:23,23:25,23:26,23:29,23:31,23:34,23:36,23:38,23:39,23:42,23:44,23:46,23:48,23:52,23:54,23:58,00:00,00:02,,,,,,,,,,,,,,,,,,,
A,M095,S8,23:30,23:32,23:34,23:36,23:38,23:40,23:41,23:44,23:46,23:49,23:51,23:53,23:54,23:57,23:59,00:01,00:03,00:07,00:09,00:13,00:15,00:17,,,,,,,,,,,,,,,,,,,
A,L099,L8,23:45,23:47,23:49,23:51,23:53,23:55,23:56,23:59,00:01,00:04,00:05,,,,,,,,,,,,,,,,,,,,,,,,,,,,,,
A,M097,S8,00:00,00:02,00:04,00:06,00:08,00:10,00:11,00:14,00:16,00:19,00:21,00:23,00:24,00:27,00:29,00:31,00:33,00:37,00:39,00:43,00:45,00:47,,,,,,,,,,,,,,,,,,,
A,L101,L8,00:20,00:22,00:24,00:26,00:28,00:30,00:31,00:34,00:36,00:39,00:40,,,,,,,,,,,,,,,,,,,,,,,,,,,,,,
A,L103,L8,00:40,00:42,00:44,00:46,00:48,00:50,00:51,00:54,00:56,00:59,01:00,,,,,,,,,,,,,,,,,,,,,,,,,,,,,,
A,L105,L8,01:00,01:02,01:04,01:06,01:08,01:10,01:11,01:14,01:16,01:19,01:20,,,,,,,,,,,,,,,,,,,,,,,,,,,,,,
A,L107,L8,01:20,01:22,01:24,01:26,01:28,01:30,01:31,01:34,01:36,01:39,01:40,,,,,,,,,,,,,,,,,,,,,,,,,,,,,,
D,L002,L8,05:20,05:18,05:16,05:15,05:13,05:11,05:09,05:07,05:05,05:02,05:00,,,,,,,,,,,,,,,,,,,,,,,,,,,,,,
D,L004,L8,05:35,05:33,05:31,05:30,05:28,05:26,05:24,05:22,05:20,05:17,05:15,,,,,,,,,,,,,,,,,,,,,,,,,,,,,,
D,M002,S8,05:47,05:45,05:43,05:41,05:39,05:37,05:35,05:33,05:31,05:28,05:26,05:24,05:22,05:19,05:17,05:16,05:13,05:09,05:08,05:04,05:01,05:00,,,,,,,,,,,,,,,,,,,
D,L006,L8,06:00,05:58,05:56,05:55,05:53,05:51,05:49,05:47,05:45,05:42,05:40,,,,,,,,,,,,,,,,,,,,,,,,,,,,,,
D,M004,S8,06:14,06:12,06:10,06:08,06:06,06:04,06:02,06:00,05:58,05:55,05:53,05:51,05:49,05:46,05:44,05:43,05:40,05:36,05:35,05:31,05:28,05:27,,,,,,,,,,,,,,,,,,,
D,L008,L8,06:26,06:24,06:22,06:21,06:19,06:17,06:15,06:13,06:11,06:08,06:06,,,,,,,,,,,,,,,,,,,,,,,,,,,,,,
D,O002,S4,06:36,06:34,06:32,06:30,06:29,06:27,06:25,06:23,06:21,06:17,06:15,06:13,06:12,06:09,06:07,06:05,06:03,05:59,05:57,05:53,05:51,05:49,05:43,05:40,,,,,,,,,,,,,,,,,
D,L010,L8,06:44,06:42,06:40,06:39,06:37,06:35,06:33,06:31,06:29,06:26,06:24,,,,,,,,,,,,,,,,,,,,,,,,,,,,,,
D,M006,S8,06:52,06:50,06:48,06:46,06:44,06:42,06:40,06:38,06:36,06:33,06:31,06:29,06:27,06:24,06:22,06:21,06:18,06:14,06:13,06:09,06:06,06:05,,,,,,,,,,,,,,,,,,,
D,O004,S4,06:59,06:57,06:55,06:53,06:52,06:50,06:48,06:46,06:44,06:40,06:38,06:36,06:35,06:32,06:30,06:28,06:26,06:22,06:20,06:16,06:14,06:12,06:06,06:03,,,,,,,,,,,,,,,,,
D,M008,S8,07:05,07:03,07:01,06:59,06:57,06:55,06:53,06:51,06:49,06:46,06:44,06:42,06:40,06:37,06:35,06:34,06:31,06:27,06:26,06:22,06:19,06:18,,,,,,,,,,,,,,,,,,,
D,O006,S4,07:10,07:08,07:06,07:04,07:03,07:01,06:59,06:57,06:55,06:51,06:49,06:47,06:46,06:43,06:41,06:39,06:37,06:33,06:31,06:27,06:25,06:23,06:17,06:14,,,,,,,,,,,,,,,,,
D,L012,L8,07:15,07:13,07:11,07:10,07:08,07:06,07:04,07:02,07:00,06:57,06:55,,,,,,,,,,,,,,,,,,,,,,,,,,,,,,
D,M010,S8,07:20,07:18,07:16,07:14,07:12,07:10,07:08,07:06,07:04,07:01,06:59,06:57,06:55,06:52,06:50,06:49,06:46,06:42,06:41,06:37,06:34,06:33,,,,,,,,,,,,,,,,,,,
D,P402,R6,07:23,07:21,07:19,07:17,07:16,07:14,07:12,07:10,07:08,07:04,07:02,,07:00,06:57,06:55,06:53,06:51,06:47,06:45,,06:40,06:39,,,,,,,,,,06:33,06:27,06:25,06:23,06:17,06:10,06:07,06:01,05:56,05:54
D,N402,R5,07:25,07:23,07:21,07:19,07:18,07:16,07:14,07:12,07:10,07:06,07:04,,,07:00,06:58,06:56,06:54,06:50,06:48,,06:43,06:42,06:36,06:32,06:25,06:21,06:16,06:11,06:03,06:01,05:59,,,,,,,,,,
D,V002,S3,07:30,07:28,07:26,07:24,07:22,07:20,07:19,07:16,07:14,07:11,07:09,07:07,07:05,07:03,07:01,,,,,,,,,,,,,,,,,,,,,,,,,,
D,M202,S8,07:37,07:35,07:33,07:31,07:29,07:27,07:25,07:23,07:21,07:18,07:16,07:14,07:12,07:09,07:07,07:06,07:03,06:59,06:58,06:54,06:51,06:50,,,,,,,,,,,,,,,,,,,
D,N504,R50,07:41,,07:37,07:36,07:34,07:32,07:31,07:28,07:26,07:23,,,,07:18,,,07:13,07:09,,,07:03,,06:55,06:52,,06:41,,06:31,06:23,06:21,06:19,,,,,,,,,,
D,V004,S9,07:47,07:45,07:43,07:41,07:39,07:37,07:36,07:33,07:31,07:28,07:26,07:24,07:22,07:20,07:18,07:16,,,,,,,,,,,,,,,,,,,,,,,,,
D,P504,R60,07:50,,07:46,07:45,07:43,07:41,07:40,07:37,07:35,07:32,,,07:28,07:26,,,,07:18,,,07:12,,,,,,,,,,,07:05,,,06:55,06:49,06:42,06:39,06:33,06:28,06:26
D,V006,S9,07:55,07:53,07:51,07:49,07:47,07:45,07:44,07:41,07:39,07:36,07:34,07:32,07:30,07:28,07:26,07:24,,,,,,,,,,,,,,,,,,,,,,,,,
D,O008,S4,08:00,07:58,07:56,07:54,07:53,07:51,07:49,07:47,07:45,07:41,07:39,07:37,07:36,07:33,07:31,07:29,07:27,07:23,07:21,07:17,07:15,07:13,07:07,07:04,,,,,,,,,,,,,,,,,
D,N406,R5,08:05,08:03,08:01,07:59,07:58,07:56,07:54,07:52,07:50,07:46,07:44,,,07:40,07:38,07:36,07:34,07:30,07:28,,07:23,07:22,07:16,07:12,07:05,07:01,06:56,06:51,06:43,06:41,06:39,,,,,,,,,,
D,V008,S3,08:10,08:08,08:06,08:04,08:02,08:00,07:59,07:56,07:54,07:51,07:49,07:47,07:45,07:43,07:41,,,,,,,,,,,,,,,,,,,,,,,,,,
D,P406,R6,08:15,08:13,08:11,08:09,08:08,08:06,08:04,08:02,08:00,07:56,07:54,,07:52,07:49,07:47,07:45,07:43,07:39,07:37,,07:32,07:31,,,,,,,,,,07:25,07:19,07:17,07:15,07:09,07:02,06:59,06:53,06:48,06:46
D,L016,L8,08:18,08:16,08:14,08:13,08:11,08:09,08:07,08:05,08:03,08:00,07:58,,,,,,,,,,,,,,,,,,,,,,,,,,,,,,
D,O010,S4,08:22,08:20,08:18,08:16,08:15,08:13,08:11,08:09,08:07,08:03,08:01,07:59,07:58,07:55,07:53,07:51,07:49,07:45,07:43,07:39,07:37,07:35,07:29,07:26,,,,,,,,,,,,,,,,,
D,N408,R5,08:25,08:23,08:21,08:19,08:18,08:16,08:14,08:12,08:10,08:06,08:04,,,08:00,07:58,07:56,07:54,07:50,07:48,,07:43,07:42,07:36,07:32,07:25,07:21,07:16,07:11,07:03,07:01,06:59,,,,,,,,,,
D,V010,S3,08:30,08:28,08:26,08:24,08:22,08:20,08:19,08:16,08:14,08:11,08:09,08:07,08:05,08:03,08:01,,,,,,,,,,,,,,,,,,,,,,,,,,
D,P408,R6,08:35,08:33,08:31,08:29,08:28,08:26,08:24,08:22,08:20,08:16,08:14,,08:12,08:09,08:07,08:05,08:03,07:59,07:57,,07:52,07:51,,,,,,,,,,07:45,07:39,07:37,07:35,07:29,07:22,07:19,07:13,07:08,07:06
D,L018,L8,08:37,08:35,08:33,08:32,08:30,08:28,08:26,08:24,08:22,08:19,08:17,,,,,,,,,,,,,,,,,,,,,,,,,,,,,,
D,N510,R50,08:41,,08:37,08:36,08:34,08:32,08:31,08:28,08:26,08:23,,,,08:18,,,08:13,08:09,,,08:03,,07:55,07:52,,07:41,,07:31,07:23,07:21,07:19,,,,,,,,,,
D,V012,S9,08:47,08:45,08:43,08:41,08:39,08:37,08:36,08:33,08:31,08:28,08:26,08:24,08:22,08:20,08:18,08:16,,,,,,,,,,,,,,,,,,,,,,,,,
D,P510,R60,08:50,,08:46,08:45,08:43,08:41,08:40,08:37,08:35,08:32,,,08:28,08:26,,,,08:18,,,08:12,,,,,,,,,,,08:05,,,07:55,07:49,07:42,07:39,07:33,07:28,07:26
D,L020,L8,08:54,08:52,08:50,08:49,08:47,08:45,08:43,08:41,08:39,08:36,08:34,,,,,,,,,,,,,,,,,,,,,,,,,,,,,,
D,M214,S8,08:59,08:57,08:55,08:53,08:51,08:49,08:48,08:45,08:43,08:40,08:38,08:36,08:34,08:32,08:30,08:28,08:25,08:22,08:20,08:16,08:14,08:12,,,,,,,,,,,,,,,,,,,
D,O012,S4,09:02,09:00,08:58,08:56,08:55,08:53,08:51,08:49,08:47,08:43,08:41,08:39,08:38,08:35,08:33,08:31,08:29,08:25,08:23,08:19,08:17,08:15,08:09,08:06,,,,,,,,,,,,,,,,,
D,N412,R5,09:05,09:03,09:01,08:59,08:58,08:56,08:54,08:52,08:50,08:46,08:44,,,08:40,08:38,08:36,08:34,08:30,08:28,,08:23,08:22,08:16,08:12,08:05,08:01,07:56,07:51,07:43,07:41,07:39,,,,,,,,,,
D,V016,S3,09:10,09:08,09:06,09:04,09:02,09:00,08:59,08:56,08:54,08:51,08:49,08:47,08:45,08:43,08:41,,,,,,,,,,,,,,,,,,,,,,,,,,
D,P412,R6,09:15,09:13,09:11,09:09,09:08,09:06,09:04,09:02,09:00,08:56,08:54,,08:52,08:49,08:47,08:45,08:43,08:39,08:37,,08:32,08:31,,,,,,,,,,08:25,08:19,08:17,08:15,08:09,08:02,07:59,07:53,07:48,07:46
D,L022,L8,09:18,09:16,09:14,09:13,09:11,09:09,09:07,09:05,09:03,09:00,08:58,,,,,,,,,,,,,,,,,,,,,,,,,,,,,,
D,O014,S4,09:22,09:20,09:18,09:16,09:15,09:13,09:11,09:09,09:07,09:03,09:01,08:59,08:58,08:55,08:53,08:51,08:49,08:45,08:43,08:39,08:37,08:35,08:29,08:26,,,,,,,,,,,,,,,,,
D,N414,R5,09:25,09:23,09:21,09:19,09:18,09:16,09:14,09:12,09:10,09:06,09:04,,,09:00,08:58,08:56,08:54,08:50,08:48,,08:43,08:42,08:36,08:32,08:25,08:21,08:16,08:11,08:03,08:01,07:59,,,,,,,,,,
D,V018,S3,09:30,09:28,09:26,09:24,09:22,09:20,09:19,09:16,09:14,09:11,09:09,09:07,09:05,09:03,09:01,,,,,,,,,,,,,,,,,,,,,,,,,,
D,P414,R6,09:35,09:33,09:31,09:29,09:28,09:26,09:24,09:22,09:20,09:16,09:14,,09:12,09:09,09:07,09:05,09:03,08:59,08:57,,08:52,08:51,,,,,,,,,,08:45,08:39,08:37,08:35,08:29,08:22,08:19,08:13,08:08,08:06
D,N516,R50,09:41,,09:37,09:36,09:34,09:32,09:31,09:28,09:26,09:23,,,,09:18,,,09:13,09:09,,,09:03,,08:55,08:52,,08:41,,08:31,08:23,08:21,08:19,,,,,,,,,,
D,V020,S3,09:47,09:45,09:43,09:41,09:39,09:37,09:36,09:33,09:31,09:28,09:26,09:24,09:22,09:20,09:18,,,,,,,,,,,,,,,,,,,,,,,,,,
D,P516,R60,09:50,,09:46,09:45,09:43,09:41,09:40,09:37,09:35,09:32,,,09:28,09:26,,,,09:18,,,09:12,,,,,,,,,,,09:05,,,08:55,08:49,08:42,08:39,08:33,08:28,08:26
D,L024,L8,09:54,09:52,09:50,09:49,09:47,09:45,09:43,09:41,09:39,09:36,09:34,,,,,,,,,,,,,,,,,,,,,,,,,,,,,,
D,O016,S4,10:00,09:58,09:56,09:54,09:53,09:51,09:49,09:47,09:45,09:41,09:39,09:37,09:36,09:33,09:31,09:29,09:27,09:23,09:21,09:17,09:15,09:13,09:07,09:04,,,,,,,,,,,,,,,,,
D,M012,S8,10:05,10:03,10:01,09:59,09:57,09:55,09:53,09:51,09:49,09:46,09:44,09:42,09:40,09:37,09:35,09:34,09:31,09:27,09:26,09:22,09:19,09:18,,,,,,,,,,,,,,,,,,,
D,L026,L8,10:09,10:07,10:05,10:04,10:02,10:00,09:58,09:56,09:54,09:51,09:49,,,,,,,,,,,,,,,,,,,,,,,,,,,,,,
D,M014,S8,10:13,10:11,10:09,10:07,10:05,10:03,10:01,09:59,09:57,09:54,09:52,09:50,09:48,09:45,09:43,09:42,09:39,09:35,09:34,09:30,09:27,09:26,,,,,,,,,,,,,,,,,,,
D,O018,S4,10:18,10:16,10:14,10:12,10:11,10:09,10:07,10:05,10:03,09:59,09:57,09:55,09:54,09:51,09:49,09:47,09:45,09:41,09:39,09:35,09:33,09:31,09:25,09:22,,,,,,,,,,,,,,,,,
D,N418,R5,10:25,10:23,10:21,10:19,10:18,10:16,10:14,10:12,10:10,10:06,10:04,,,10:00,09:58,09:56,09:54,09:50,09:48,,09:43,09:42,09:36,09:32,09:25,09:21,09:16,09:11,09:03,09:01,08:59,,,,,,,,,,
D,P418,R6,10:35,10:33,10:31,10:29,10:28,10:26,10:24,10:22,10:20,10:16,10:14,,10:12,10:09,10:07,10:05,10:03,09:59,09:57,,09:52,09:51,,,,,,,,,,09:45,09:39,09:37,09:35,09:29,09:22,09:19,09:13,09:08,09:06
D,V022,S3,10:40,10:38,10:36,10:34,10:32,10:30,10:29,10:26,10:24,10:21,10:19,10:17,10:15,10:13,10:11,,,,,,,,,,,,,,,,,,,,,,,,,,
D,N420,R5,10:45,10:43,10:41,10:39,10:38,10:36,10:34,10:32,10:30,10:26,10:24,,,10:20,10:18,10:16,10:14,10:10,10:08,,10:03,10:02,09:56,09:52,09:45,09:41,09:36,09:31,09:23,09:21,09:19,,,,,,,,,,
D,L028,L8,10:53,10:51,10:49,10:48,10:46,10:44,10:42,10:40,10:38,10:35,10:33,,,,,,,,,,,,,,,,,,,,,,,,,,,,,,
D,O020,S4,11:01,10:59,10:57,10:55,10:54,10:52,10:50,10:48,10:46,10:42,10:40,10:38,10:37,10:34,10:32,10:30,10:28,10:24,10:22,10:18,10:16,10:14,10:08,10:05,,,,,,,,,,,,,,,,,
D,V024,S3,11:08,11:06,11:04,11:02,11:00,10:58,10:57,10:54,10:52,10:49,10:47,10:45,10:43,10:41,10:39,,,,,,,,,,,,,,,,,,,,,,,,,,
D,P420,R6,11:15,11:13,11:11,11:09,11:08,11:06,11:04,11:02,11:00,10:56,10:54,,10:52,10:49,10:47,10:45,10:43,10:39,10:37,,10:32,10:31,,,,,,,,,,10:25,10:19,10:17,10:15,10:09,10:02,09:59,09:53,09:48,09:46
D,N422,R5,11:25,11:23,11:21,11:19,11:18,11:16,11:14,11:12,11:10,11:06,11:04,,,11:00,10:58,10:56,10:54,10:50,10:48,,10:43,10:42,10:36,10:32,10:25,10:21,10:16,10:11,10:03,10:01,09:59,,,,,,,,,,
D,P422,R6,11:35,11:33,11:31,11:29,11:28,11:26,11:24,11:22,11:20,11:16,11:14,,11:12,11:09,11:07,11:05,11:03,10:59,10:57,,10:52,10:51,,,,,,,,,,10:45,10:39,10:37,10:35,10:29,10:22,10:19,10:13,10:08,10:06
D,V026,S3,11:40,11:38,11:36,11:34,11:32,11:30,11:29,11:26,11:24,11:21,11:19,11:17,11:15,11:13,11:11,,,,,,,,,,,,,,,,,,,,,,,,,,
D,N424,R5,11:45,11:43,11:41,11:39,11:38,11:36,11:34,11:32,11:30,11:26,11:24,,,11:20,11:18,11:16,11:14,11:10,11:08,,11:03,11:02,10:56,10:52,10:45,10:41,10:36,10:31,10:23,10:21,10:19,,,,,,,,,,
D,L030,L8,11:57,11:55,11:53,11:52,11:50,11:48,11:46,11:44,11:42,11:39,11:37,,,,,,,,,,,,,,,,,,,,,,,,,,,,,,
D,O022,S4,12:08,12:06,12:04,12:02,12:01,11:59,11:57,11:55,11:53,11:49,11:47,11:45,11:44,11:41,11:39,11:37,11:35,11:31,11:29,11:25,11:23,11:21,11:15,11:12,,,,,,,,,,,,,,,,,
D,V028,S3,12:18,12:16,12:14,12:12,12:10,12:08,12:07,12:04,12:02,11:59,11:57,11:55,11:53,11:51,11:49,,,,,,,,,,,,,,,,,,,,,,,,,,
D,P424,R6,12:29,12:27,12:25,12:23,12:22,12:20,12:18,12:16,12:14,12:10,12:08,,12:06,12:03,12:01,11:59,11:57,11:53,11:51,,11:46,11:45,,,,,,,,,,11:39,11:33,11:31,11:29,11:23,11:16,11:13,11:07,11:02,11:00
D,L032,L8,12:37,12:35,12:33,12:32,12:30,12:28,12:26,12:24,12:22,12:19,12:17,,,,,,,,,,,,,,,,,,,,,,,,,,,,,,
D,N426,R5,12:45,12:43,12:41,12:39,12:38,12:36,12:34,12:32,12:30,12:26,12:24,,,12:20,12:18,12:16,12:14,12:10,12:08,,12:03,12:02,11:56,11:52,11:45,11:41,11:36,11:31,11:23,11:21,11:19,,,,,,,,,,
D,V030,S3,12:54,12:52,12:50,12:48,12:46,12:44,12:43,12:40,12:38,12:35,12:33,12:31,12:29,12:27,12:25,,,,,,,,,,,,,,,,,,,,,,,,,,
D,O316,S4,13:03,13:01,12:59,12:57,12:55,12:53,12:51,12:49,12:47,12:44,12:42,12:40,12:38,12:35,12:33,12:32,12:29,12:25,12:24,12:20,12:17,12:16,12:10,12:07,,,,,,,,,,,,,,,,,
D,L034,L8,13:09,13:07,13:05,13:04,13:02,13:00,12:58,12:56,12:54,12:51,12:49,,,,,,,,,,,,,,,,,,,,,,,,,,,,,,
D,M018,S8,13:15,13:13,13:11,13:09,13:07,13:05,13:03,13:01,12:59,12:56,12:54,12:52,12:50,12:47,12:45,12:44,12:41,12:37,12:36,12:32,12:29,12:28,,,,,,,,,,,,,,,,,,,
D,M020,S8,13:22,13:20,13:18,13:16,13:14,13:12,13:10,13:08,13:06,13:03,13:01,12:59,12:57,12:54,12:52,12:51,12:48,12:44,12:43,12:39,12:36,12:35,,,,,,,,,,,,,,,,,,,
D,P426,R6,13:29,13:27,13:25,13:23,13:22,13:20,13:18,13:16,13:14,13:10,13:08,,13:06,13:03,13:01,12:59,12:57,12:53,12:51,,12:46,12:45,,,,,,,,,,12:39,12:33,12:31,12:29,12:23,12:16,12:13,12:07,12:02,12:00
D,L036,L8,13:33,13:31,13:29,13:28,13:26,13:24,13:22,13:20,13:18,13:15,13:13,,,,,,,,,,,,,,,,,,,,,,,,,,,,,,
D,M022,S8,13:39,13:37,13:35,13:33,13:31,13:29,13:27,13:25,13:23,13:20,13:18,13:16,13:14,13:11,13:09,13:08,13:05,13:01,13:00,12:56,12:53,12:52,,,,,,,,,,,,,,,,,,,
D,N428,R5,13:45,13:43,13:41,13:39,13:38,13:36,13:34,13:32,13:30,13:26,13:24,,,13:20,13:18,13:16,13:14,13:10,13:08,,13:03,13:02,12:56,12:52,12:45,12:41,12:36,12:31,12:23,12:21,12:19,,,,,,,,,,
D,V032,S3,13:50,13:48,13:46,13:44,13:42,13:40,13:39,13:36,13:34,13:31,13:29,13:27,13:25,13:23,13:21,,,,,,,,,,,,,,,,,,,,,,,,,,
D,M024,S8,13:55,13:53,13:51,13:49,13:47,13:45,13:43,13:41,13:39,13:36,13:34,13:32,13:30,13:27,13:25,13:24,13:21,13:17,13:16,13:12,13:09,13:08,,,,,,,,,,,,,,,,,,,
D,L038,L8,13:59,13:57,13:55,13:54,13:52,13:50,13:48,13:46,13:44,13:41,13:39,,,,,,,,,,,,,,,,,,,,,,,,,,,,,,
D,M026,S8,14:05,14:03,14:01,13:59,13:57,13:55,13:53,13:51,13:49,13:46,13:44,13:42,13:40,13:37,13:35,13:34,13:31,13:27,13:26,13:22,13:19,13:18,,,,,,,,,,,,,,,,,,,
D,L040,L8,14:10,14:08,14:06,14:05,14:03,14:01,13:59,13:57,13:55,13:52,13:50,,,,,,,,,,,,,,,,,,,,,,,,,,,,,,
D,M028,S8,14:15,14:13,14:11,14:09,14:07,14:05,14:03,14:01,13:59,13:56,13:54,13:52,13:50,13:47,13:45,13:44,13:41,13:37,13:36,13:32,13:29,13:28,,,,,,,,,,,,,,,,,,,
D,L042,L8,14:19,14:17,14:15,14:14,14:12,14:10,14:08,14:06,14:04,14:01,13:59,,,,,,,,,,,,,,,,,,,,,,,,,,,,,,
D,M030,S8,14:24,14:22,14:20,14:18,14:16,14:14,14:12,14:10,14:08,14:05,14:03,14:01,13:59,13:56,13:54,13:53,13:50,13:46,13:45,13:41,13:38,13:37,,,,,,,,,,,,,,,,,,,
D,P428,R6,14:29,14:27,14:25,14:23,14:22,14:20,14:18,14:16,14:14,14:10,14:08,,14:06,14:03,14:01,13:59,13:57,13:53,13:51,,13:46,13:45,,,,,,,,,,13:39,13:33,13:31,13:29,13:18,13:11,13:08,13:02,12:57,12:55
D,L044,L8,14:34,14:32,14:30,14:29,14:27,14:25,14:23,14:21,14:19,14:16,14:14,,,,,,,,,,,,,,,,,,,,,,,,,,,,,,
D,M032,S8,14:40,14:38,14:36,14:34,14:32,14:30,14:28,14:26,14:24,14:21,14:19,14:17,14:15,14:12,14:10,14:09,14:06,14:02,14:01,13:57,13:54,13:53,,,,,,,,,,,,,,,,,,,
D,N430,R5,14:45,14:43,14:41,14:39,14:38,14:36,14:34,14:32,14:30,14:26,14:24,,,14:20,14:18,14:16,14:14,14:10,14:08,,14:03,14:02,13:56,13:52,13:45,13:41,13:36,13:31,13:23,13:21,13:19,,,,,,,,,,
D,P430,R6,14:49,14:47,14:45,14:43,14:42,14:40,14:38,14:36,14:34,14:30,14:28,,14:26,14:23,14:21,14:19,14:17,14:13,14:11,,14:06,14:05,,,,,,,,,,13:59,13:52,13:50,13:48,13:38,13:31,13:28,13:22,13:17,13:15
D,L046,L8,14:53,14:51,14:49,14:48,14:46,14:44,14:42,14:40,14:38,14:35,14:33,,,,,,,,,,,,,,,,,,,,,,,,,,,,,,
D,M034,S8,15:00,14:58,14:56,14:54,14:52,14:50,14:48,14:46,14:44,14:41,14:39,14:37,14:35,14:32,14:30,14:29,14:26,14:22,14:21,14:17,14:14,14:13,,,,,,,,,,,,,,,,,,,
D,N432,R5,15:05,15:03,15:01,14:59,14:58,14:56,14:54,14:52,14:50,14:46,14:44,,,14:40,14:38,14:36,14:34,14:30,14:28,,14:23,14:22,14:16,14:12,14:05,14:01,13:56,13:51,13:43,13:41,13:39,,,,,,,,,,
D,L048,L8,15:09,15:07,15:05,15:04,15:02,15:00,14:58,14:56,14:54,14:51,14:49,,,,,,,,,,,,,,,,,,,,,,,,,,,,,,
D,M036,S8,15:15,15:13,15:11,15:09,15:07,15:05,15:03,15:01,14:59,14:56,14:54,14:52,14:50,14:47,14:45,14:44,14:41,14:37,14:36,14:32,14:29,14:28,,,,,,,,,,,,,,,,,,,
D,L050,L8,15:19,15:17,15:15,15:14,15:12,15:10,15:08,15:06,15:04,15:01,14:59,,,,,,,,,,,,,,,,,,,,,,,,,,,,,,
D,O338,S4,15:24,15:22,15:20,15:18,15:16,15:14,15:12,15:10,15:08,15:05,15:03,15:01,14:59,14:56,14:54,14:53,14:50,14:46,14:45,14:41,14:38,14:37,14:30,14:27,,,,,,,,,,,,,,,,,
D,P432,R6,15:29,15:27,15:25,15:23,15:22,15:20,15:18,15:16,15:14,15:10,15:08,,15:06,15:03,15:01,14:59,14:57,14:53,14:51,,14:46,14:45,,,,,,,,,,14:39,14:33,14:31,14:29,14:18,14:11,14:08,14:02,13:57,13:55
D,L052,L8,15:35,15:33,15:31,15:30,15:28,15:26,15:24,15:22,15:20,15:17,15:15,,,,,,,,,,,,,,,,,,,,,,,,,,,,,,
D,M040,S8,15:40,15:38,15:36,15:34,15:32,15:30,15:28,15:26,15:24,15:21,15:19,15:17,15:15,15:12,15:10,15:09,15:06,15:02,15:01,14:57,14:54,14:53,,,,,,,,,,,,,,,,,,,
D,N434,R5,15:45,15:43,15:41,15:39,15:38,15:36,15:34,15:32,15:30,15:26,15:24,,,15:20,15:18,15:16,15:14,15:10,15:08,,15:03,15:02,14:56,14:52,14:45,14:41,14:36,14:31,14:23,14:21,14:19,,,,,,,,,,
D,P434,R6,15:49,15:47,15:45,15:43,15:42,15:40,15:38,15:36,15:34,15:30,15:28,,15:26,15:23,15:21,15:19,15:17,15:13,15:11,,15:06,15:05,,,,,,,,,,14:59,14:52,14:50,14:48,14:38,14:31,14:28,14:22,14:17,14:15
D,V034,S3,15:53,15:51,15:49,15:47,15:45,15:43,15:42,15:39,15:37,15:34,15:32,15:30,15:28,15:26,15:24,,,,,,,,,,,,,,,,,,,,,,,,,,
D,M042,S8,15:58,15:56,15:54,15:52,15:50,15:48,15:46,15:44,15:42,15:39,15:37,15:35,15:33,15:30,15:28,15:27,15:24,15:20,15:19,15:15,15:12,15:11,,,,,,,,,,,,,,,,,,,
D,L054,L8,16:01,15:59,15:57,15:56,15:54,15:52,15:50,15:48,15:46,15:43,15:41,,,,,,,,,,,,,,,,,,,,,,,,,,,,,,
D,N436,R5,16:05,16:03,16:01,15:59,15:58,15:56,15:54,15:52,15:50,15:46,15:44,,,15:40,15:38,15:36,15:34,15:30,15:28,,15:23,15:22,15:16,15:12,15:05,15:01,14:56,14:51,14:43,14:41,14:39,,,,,,,,,,
D,L056,L8,16:10,16:08,16:06,16:05,16:03,16:01,15:59,15:57,15:55,15:52,15:50,,,,,,,,,,,,,,,,,,,,,,,,,,,,,,
D,O344,S4,16:16,16:14,16:12,16:10,16:08,16:06,16:04,16:02,16:00,15:57,15:55,15:53,15:51,15:48,15:46,15:45,15:42,15:38,15:37,15:33,15:30,15:29,15:23,15:19,,,,,,,,,,,,,,,,,
D,M046,S8,16:23,16:21,16:19,16:17,16:15,16:13,16:11,16:09,16:07,16:04,16:02,16:00,15:58,15:55,15:53,15:52,15:49,15:45,15:44,15:40,15:37,15:36,,,,,,,,,,,,,,,,,,,
D,P436,R6,16:29,16:27,16:25,16:23,16:22,16:20,16:18,16:16,16:14,16:10,16:08,,16:06,16:03,16:01,15:59,15:57,15:53,15:51,,15:46,15:45,,,,,,,,,,15:39,15:33,15:31,15:29,15:18,15:11,15:08,15:02,14:57,14:55
D,L058,L8,16:34,16:32,16:30,16:29,16:27,16:25,16:23,16:21,16:19,16:16,16:14,,,,,,,,,,,,,,,,,,,,,,,,,,,,,,
D,M048,S8,16:40,16:38,16:36,16:34,16:32,16:30,16:28,16:26,16:24,16:21,16:19,16:17,16:15,16:12,16:10,16:09,16:06,16:02,16:01,15:57,15:54,15:53,,,,,,,,,,,,,,,,,,,
D,N438,R5,16:45,16:43,16:41,16:39,16:38,16:36,16:34,16:32,16:30,16:26,16:24,,,16:20,16:18,16:16,16:14,16:10,16:08,,16:03,16:02,15:56,15:52,15:45,15:41,15:36,15:31,15:23,15:21,15:19,,,,,,,,,,
D,P438,R6,16:49,16:47,16:45,16:43,16:42,16:40,16:38,16:36,16:34,16:30,16:28,,16:26,16:23,16:21,16:19,16:17,16:13,16:11,,16:06,16:05,,,,,,,,,,15:59,15:52,15:50,15:48,15:38,15:31,15:28,15:22,15:17,15:15
D,O336,S4,16:54,16:52,16:50,16:48,16:46,16:44,16:43,16:40,16:38,16:35,16:33,16:31,16:29,16:27,16:25,16:23,16:20,16:17,16:15,16:11,16:09,16:07,16:01,15:57,,,,,,,,,,,,,,,,,
D,L060,L8,16:58,16:56,16:54,16:53,16:51,16:49,16:47,16:45,16:43,16:40,16:38,,,,,,,,,,,,,,,,,,,,,,,,,,,,,,
D,M050,S8,17:02,17:00,16:58,16:56,16:54,16:52,16:50,16:48,16:46,16:43,16:41,16:39,16:37,16:34,16:32,16:31,16:28,16:24,16:23,16:19,16:16,16:15,,,,,,,,,,,,,,,,,,,
D,N440,R5,17:05,17:03,17:01,16:59,16:58,16:56,16:54,16:52,16:50,16:46,16:44,,,16:40,16:38,16:36,16:34,16:30,16:28,,16:23,16:22,16:16,16:12,16:05,16:01,15:56,15:51,15:43,15:41,15:39,,,,,,,,,,
D,L062,L8,17:09,17:07,17:05,17:04,17:02,17:00,16:58,16:56,16:54,16:51,16:49,,,,,,,,,,,,,,,,,,,,,,,,,,,,,,
D,V038,S3,17:14,17:12,17:10,17:08,17:06,17:04,17:03,17:00,16:58,16:55,16:53,16:51,16:49,16:47,16:45,,,,,,,,,,,,,,,,,,,,,,,,,,
D,M052,S8,17:19,17:17,17:15,17:13,17:11,17:09,17:07,17:05,17:03,17:00,16:58,16:56,16:54,16:51,16:49,16:48,16:45,16:41,16:40,16:36,16:33,16:32,,,,,,,,,,,,,,,,,,,
D,L064,L8,17:23,17:21,17:19,17:18,17:16,17:14,17:12,17:10,17:08,17:05,17:03,,,,,,,,,,,,,,,,,,,,,,,,,,,,,,
D,P440,R6,17:29,17:27,17:25,17:23,17:22,17:20,17:18,17:16,17:14,17:10,17:08,,17:06,17:03,17:01,16:59,16:57,16:53,16:51,,16:46,16:45,,,,,,,,,,16:39,16:33,16:31,16:29,16:18,16:11,16:08,16:02,15:57,15:55
D,L066,L8,17:32,17:30,17:28,17:27,17:25,17:23,17:21,17:19,17:17,17:14,17:12,,,,,,,,,,,,,,,,,,,,,,,,,,,,,,
D,O354,S4,17:37,17:35,17:33,17:31,17:29,17:27,17:25,17:23,17:21,17:18,17:16,17:14,17:12,17:09,17:07,17:06,17:03,16:59,16:58,16:54,16:51,16:50,16:44,16:40,,,,,,,,,,,,,,,,,
D,L068,L8,17:41,17:39,17:37,17:36,17:34,17:32,17:30,17:28,17:26,17:23,17:21,,,,,,,,,,,,,,,,,,,,,,,,,,,,,,
D,N442,R5,17:45,17:43,17:41,17:39,17:38,17:36,17:34,17:32,17:30,17:26,17:24,,,17:20,17:18,17:16,17:14,17:10,17:08,,17:03,17:02,16:56,16:52,16:45,16:41,16:36,16:31,16:23,16:21,16:19,,,,,,,,,,
D,P442,R6,17:49,17:47,17:45,17:43,17:42,17:40,17:38,17:36,17:34,17:30,17:28,,17:26,17:23,17:21,17:19,17:17,17:13,17:11,,17:06,17:05,,,,,,,,,,16:59,16:52,16:50,16:48,16:38,16:31,16:28,16:22,16:17,16:15
D,L070,L8,17:53,17:51,17:49,17:48,17:46,17:44,17:42,17:40,17:38,17:35,17:33,,,,,,,,,,,,,,,,,,,,,,,,,,,,,,
D,V040,S3,17:57,17:55,17:53,17:51,17:49,17:47,17:46,17:43,17:41,17:38,17:36,17:34,17:32,17:30,17:28,,,,,,,,,,,,,,,,,,,,,,,,,,
D,M056,S8,18:02,18:00,17:58,17:56,17:54,17:52,17:50,17:48,17:46,17:43,17:41,17:39,17:37,17:34,17:32,17:31,17:28,17:24,17:23,17:19,17:16,17:15,,,,,,,,,,,,,,,,,,,
D,N444,R5,18:05,18:03,18:01,17:59,17:58,17:56,17:54,17:52,17:50,17:46,17:44,,,17:40,17:38,17:36,17:34,17:30,17:28,,17:23,17:22,17:16,17:12,17:05,17:01,16:56,16:51,16:43,16:41,16:39,,,,,,,,,,
D,L072,L8,18:09,18:07,18:05,18:04,18:02,18:00,17:58,17:56,17:54,17:51,17:49,,,,,,,,,,,,,,,,,,,,,,,,,,,,,,
D,M058,S8,18:14,18:12,18:10,18:08,18:06,18:04,18:02,18:00,17:58,17:55,17:53,17:51,17:49,17:46,17:44,17:43,17:40,17:36,17:35,17:31,17:28,17:27,,,,,,,,,,,,,,,,,,,
D,V042,S3,18:19,18:17,18:15,18:13,18:11,18:09,18:08,18:05,18:03,18:00,17:58,17:56,17:54,17:52,17:50,,,,,,,,,,,,,,,,,,,,,,,,,,
D,L074,L8,18:24,18:22,18:20,18:19,18:17,18:15,18:13,18:11,18:09,18:06,18:04,,,,,,,,,,,,,,,,,,,,,,,,,,,,,,
D,P444,R6,18:29,18:27,18:25,18:23,18:22,18:20,18:18,18:16,18:14,18:10,18:08,,18:06,18:03,18:01,17:59,17:57,17:53,17:51,,17:46,17:45,,,,,,,,,,17:39,17:33,17:31,17:29,17:18,17:11,17:08,17:02,16:57,16:55
D,L076,L8,18:32,18:30,18:28,18:27,18:25,18:23,18:21,18:19,18:17,18:14,18:12,,,,,,,,,,,,,,,,,,,,,,,,,,,,,,
D,M060,S8,18:37,18:35,18:33,18:31,18:29,18:27,18:25,18:23,18:21,18:18,18:16,18:14,18:12,18:09,18:07,18:06,18:03,17:59,17:58,17:54,17:51,17:50,,,,,,,,,,,,,,,,,,,
D,M062,S8,18:41,18:39,18:37,18:35,18:33,18:31,18:29,18:27,18:25,18:22,18:20,18:18,18:16,18:13,18:11,18:10,18:07,18:03,18:02,17:58,17:55,17:54,,,,,,,,,,,,,,,,,,,
D,N446,R5,18:45,18:43,18:41,18:39,18:38,18:36,18:34,18:32,18:30,18:26,18:24,,,18:20,18:18,18:16,18:14,18:10,18:08,,18:03,18:02,17:56,17:52,17:45,17:41,17:36,17:31,17:23,17:21,17:19,,,,,,,,,,
D,P446,R6,18:49,18:47,18:45,18:43,18:42,18:40,18:38,18:36,18:34,18:30,18:28,,18:26,18:23,18:21,18:19,18:17,18:13,18:11,,18:06,18:05,,,,,,,,,,17:59,17:52,17:50,17:48,17:38,17:31,17:28,17:22,17:17,17:15
D,V044,S3,18:53,18:51,18:49,18:47,18:45,18:43,18:42,18:39,18:37,18:34,18:32,18:30,18:28,18:26,18:24,,,,,,,,,,,,,,,,,,,,,,,,,,
D,L078,L8,18:57,18:55,18:53,18:52,18:50,18:48,18:46,18:44,18:42,18:39,18:37,,,,,,,,,,,,,,,,,,,,,,,,,,,,,,
D,O364,S4,19:02,19:00,18:58,18:56,18:54,18:52,18:50,18:48,18:46,18:43,18:41,18:39,18:37,18:34,18:32,18:31,18:28,18:24,18:23,18:19,18:16,18:15,18:09,18:05,,,,,,,,,,,,,,,,,
D,N448,R5,19:05,19:03,19:01,18:59,18:58,18:56,18:54,18:52,18:50,18:46,18:44,,,18:40,18:38,18:36,18:34,18:30,18:28,,18:23,18:22,18:16,18:12,18:05,18:01,17:56,17:51,17:43,17:41,17:39,,,,,,,,,,
D,L080,L8,19:09,19:07,19:05,19:04,19:02,19:00,18:58,18:56,18:54,18:51,18:49,,,,,,,,,,,,,,,,,,,,,,,,,,,,,,
D,M066,S8,19:14,19:12,19:10,19:08,19:06,19:04,19:02,19:00,18:58,18:55,18:53,18:51,18:49,18:46,18:44,18:43,18:40,18:36,18:35,18:31,18:28,18:27,,,,,,,,,,,,,,,,,,,
D,V046,S3,19:19,19:17,19:15,19:13,19:11,19:09,19:08,19:05,19:03,19:00,18:58,18:56,18:54,18:52,18:50,,,,,,,,,,,,,,,,,,,,,,,,,,
D,L082,L8,19:24,19:22,19:20,19:19,19:17,19:15,19:13,19:11,19:09,19:06,19:04,,,,,,,,,,,,,,,,,,,,,,,,,,,,,,
D,P448,R6,19:29,19:27,19:25,19:23,19:22,19:20,19:18,19:16,19:14,19:10,19:08,,19:06,19:03,19:01,18:59,18:57,18:53,18:51,,18:46,18:45,,,,,,,,,,18:39,18:33,18:31,18:29,18:18,18:11,18:08,18:02,17:57,17:55
D,L084,L8,19:32,19:30,19:28,19:27,19:25,19:23,19:21,19:19,19:17,19:14,19:12,,,,,,,,,,,,,,,,,,,,,,,,,,,,,,
D,M068,S8,19:37,19:35,19:33,19:31,19:29,19:27,19:25,19:23,19:21,19:18,19:16,19:14,19:12,19:09,19:07,19:06,19:03,18:59,18:58,18:54,18:51,18:50,,,,,,,,,,,,,,,,,,,
D,M070,S8,19:41,19:39,19:37,19:35,19:33,19:31,19:29,19:27,19:25,19:22,19:20,19:18,19:16,19:13,19:11,19:10,19:07,19:03,19:02,18:58,18:55,18:54,,,,,,,,,,,,,,,,,,,
D,N450,R5,19:45,19:43,19:41,19:39,19:38,19:36,19:34,19:32,19:30,19:26,19:24,,,19:20,19:18,19:16,19:14,19:10,19:08,,19:03,19:02,18:56,18:52,18:45,18:41,18:36,18:31,18:23,18:21,18:19,,,,,,,,,,
D,P450,R6,19:49,19:47,19:45,19:43,19:42,19:40,19:38,19:36,19:34,19:30,19:28,,19:26,19:23,19:21,19:19,19:17,19:13,19:11,,19:06,19:05,,,,,,,,,,18:59,18:52,18:50,18:48,18:38,18:31,18:28,18:22,18:17,18:15
D,V048,S3,19:53,19:51,19:49,19:47,19:45,19:43,19:42,19:39,19:37,19:34,19:32,19:30,19:28,19:26,19:24,,,,,,,,,,,,,,,,,,,,,,,,,,
D,L086,L8,19:57,19:55,19:53,19:52,19:50,19:48,19:46,19:44,19:42,19:39,19:37,,,,,,,,,,,,,,,,,,,,,,,,,,,,,,
D,M072,S8,20:02,20:00,19:58,19:56,19:54,19:52,19:50,19:48,19:46,19:43,19:41,19:39,19:37,19:34,19:32,19:31,19:28,19:24,19:23,19:19,19:16,19:15,,,,,,,,,,,,,,,,,,,
D,N452,R5,20:05,20:03,20:01,19:59,19:58,19:56,19:54,19:52,19:50,19:46,19:44,,,19:40,19:38,19:36,19:34,19:30,19:28,,19:23,19:22,19:16,19:12,19:05,19:01,18:56,18:51,18:43,18:41,18:39,,,,,,,,,,
D,V050,S3,20:10,20:08,20:06,20:04,20:02,20:00,19:59,19:56,19:54,19:51,19:49,19:47,19:45,19:43,19:41,,,,,,,,,,,,,,,,,,,,,,,,,,
D,L088,L8,20:14,20:12,20:10,20:09,20:07,20:05,20:03,20:01,19:59,19:56,19:54,,,,,,,,,,,,,,,,,,,,,,,,,,,,,,
D,O374,S4,20:20,20:18,20:16,20:14,20:12,20:10,20:08,20:06,20:04,20:01,19:59,19:57,19:55,19:52,19:50,19:49,19:46,19:42,19:41,19:37,19:34,19:33,19:27,19:23,,,,,,,,,,,,,,,,,
D,L090,L8,20:24,20:22,20:20,20:19,20:17,20:15,20:13,20:11,20:09,20:06,20:04,,,,,,,,,,,,,,,,,,,,,,,,,,,,,,
D,P452,R6,20:29,20:27,20:25,20:23,20:22,20:20,20:18,20:16,20:14,20:10,20:08,,20:06,20:03,20:01,19:59,19:57,19:53,19:51,,19:46,19:45,,,,,,,,,,19:39,19:33,19:31,19:29,19:18,19:11,19:08,19:02,18:57,18:55
D,M076,S8,20:35,20:33,20:31,20:29,20:27,20:25,20:23,20:21,20:19,20:16,20:14,20:12,20:10,20:07,20:05,20:04,20:01,19:57,19:56,19:52,19:49,19:48,,,,,,,,,,,,,,,,,,,
D,V052,S3,20:40,20:38,20:36,20:34,20:32,20:30,20:29,20:26,20:24,20:21,20:19,20:17,20:15,20:13,20:11,,,,,,,,,,,,,,,,,,,,,,,,,,
D,N454,R5,20:45,20:43,20:41,20:39,20:38,20:36,20:34,20:32,20:30,20:26,20:24,,,20:20,20:18,20:16,20:14,20:10,20:08,,20:03,20:02,19:56,19:52,19:45,19:41,19:36,19:31,19:23,19:21,19:19,,,,,,,,,,
D,P454,R6,20:49,20:47,20:45,20:43,20:42,20:40,20:38,20:36,20:34,20:30,20:28,,20:26,20:23,20:21,20:19,20:17,20:13,20:11,,20:06,20:05,,,,,,,,,,19:59,19:52,19:50,19:48,19:38,19:31,19:28,19:22,19:17,19:15
D,L092,L8,20:52,20:50,20:48,20:47,20:45,20:43,20:41,20:39,20:37,20:34,20:32,,,,,,,,,,,,,,,,,,,,,,,,,,,,,,
D,L094,L8,20:59,20:57,20:55,20:54,20:52,20:50,20:48,20:46,20:44,20:41,20:39,,,,,,,,,,,,,,,,,,,,,,,,,,,,,,
D,N456,R5,21:05,21:03,21:01,20:59,20:58,20:56,20:54,20:52,20:50,20:46,20:44,,,20:40,20:38,20:36,20:34,20:30,20:28,,20:23,20:22,20:16,20:12,20:05,20:01,19:56,19:51,19:43,19:41,19:39,,,,,,,,,,
D,V054,S3,21:13,21:11,21:09,21:07,21:05,21:03,21:02,20:59,20:57,20:54,20:52,20:50,20:48,20:46,20:44,,,,,,,,,,,,,,,,,,,,,,,,,,
D,O378,S4,21:21,21:19,21:17,21:15,21:13,21:11,21:09,21:07,21:05,21:02,21:00,20:58,20:56,20:53,20:51,20:50,20:47,20:43,20:42,20:38,20:35,20:34,20:28,20:24,,,,,,,,,,,,,,,,,
D,P456,R6,21:29,21:27,21:25,21:23,21:22,21:20,21:18,21:16,21:14,21:10,21:08,,21:06,21:03,21:01,20:59,20:57,20:53,20:51,,20:46,20:45,,,,,,,,,,20:39,20:33,20:31,20:29,20:18,20:11,20:08,20:02,19:57,19:55
D,M080,S8,21:35,21:33,21:31,21:29,21:27,21:25,21:23,21:21,21:19,21:16,21:14,21:12,21:10,21:07,21:05,21:04,21:01,20:57,20:56,20:52,20:49,20:48,,,,,,,,,,,,,,,,,,,
D,L096,L8,21:40,21:38,21:36,21:35,21:33,21:31,21:29,21:27,21:25,21:22,21:20,,,,,,,,,,,,,,,,,,,,,,,,,,,,,,
D,N458,R5,21:45,21:43,21:41,21:39,21:38,21:36,21:34,21:32,21:30,21:26,21:24,,,21:20,21:18,21:16,21:14,21:10,21:08,,21:03,21:02,20:56,20:52,20:45,20:41,20:36,20:31,20:23,20:21,20:19,,,,,,,,,,
D,P458,R6,21:49,21:47,21:45,21:43,21:42,21:40,21:38,21:36,21:34,21:30,21:28,,21:26,21:23,21:21,21:19,21:17,21:13,21:11,,21:06,21:05,,,,,,,,,,20:59,20:52,20:50,20:48,20:38,20:31,20:28,20:22,20:17,20:15
D,M082,S8,21:58,21:56,21:54,21:52,21:50,21:48,21:46,21:44,21:42,21:39,21:37,21:35,21:33,21:30,21:28,21:27,21:24,21:20,21:19,21:15,21:12,21:11,,,,,,,,,,,,,,,,,,,
D,N460,R5,22:05,22:03,22:01,21:59,21:58,21:56,21:54,21:52,21:50,21:46,21:44,,,21:40,21:38,21:36,21:34,21:30,21:28,,21:23,21:22,21:16,21:12,21:05,21:01,20:56,20:51,20:43,20:41,20:39,,,,,,,,,,
D,M084,S8,22:18,22:16,22:14,22:12,22:10,22:08,22:06,22:04,22:02,21:59,21:57,21:55,21:53,21:50,21:48,21:47,21:44,21:40,21:39,21:35,21:32,21:31,,,,,,,,,,,,,,,,,,,
D,P460,R6,22:29,22:27,22:25,22:23,22:22,22:20,22:18,22:16,22:14,22:10,22:08,,22:06,22:03,22:01,21:59,21:57,21:53,21:51,,21:46,21:45,,,,,,,,,,21:39,21:32,21:30,21:28,21:18,21:11,21:08,21:02,20:57,20:55
D,V056,S3,22:36,22:34,22:32,22:30,22:28,22:26,22:25,22:22,22:20,22:17,22:15,22:13,22:11,22:09,22:07,,,,,,,,,,,,,,,,,,,,,,,,,,
D,N462,R5,22:45,22:43,22:41,22:39,22:38,22:36,22:34,22:32,22:30,22:26,22:24,,,22:20,22:18,22:16,22:14,22:10,22:08,,22:03,22:02,21:56,21:52,21:45,21:41,21:36,21:31,21:23,21:21,21:19,,,,,,,,,,
D,P362,R6,22:52,22:50,22:48,22:46,22:44,22:42,22:40,22:38,22:36,22:33,22:31,22:29,22:27,22:24,22:22,22:21,22:18,22:14,22:13,22:09,22:06,22:05,,,,,,,,,,21:59,21:52,21:50,21:48,21:38,21:31,21:28,21:22,21:17,21:15
D,L098,L8,22:59,22:57,22:55,22:54,22:52,22:50,22:48,22:46,22:44,22:41,22:39,,,,,,,,,,,,,,,,,,,,,,,,,,,,,,
D,N364,R5,23:09,23:07,23:05,23:03,23:01,22:59,22:57,22:55,22:53,22:50,22:48,22:46,22:44,22:41,22:39,22:38,22:35,22:31,22:30,22:26,22:23,22:22,22:16,22:12,22:05,22:01,21:56,21:51,21:43,21:41,21:39,,,,,,,,,,
D,L100,L8,23:18,23:16,23:14,23:13,23:11,23:09,23:07,23:05,23:03,23:00,22:58,,,,,,,,,,,,,,,,,,,,,,,,,,,,,,
D,P364,R6,23:27,23:25,23:23,23:21,23:19,23:17,23:15,23:13,23:11,23:08,23:06,23:04,23:02,22:59,22:57,22:56,22:53,22:49,22:48,22:44,22:41,22:40,,,,,,,,,,22:34,22:28,22:26,22:24,22:18,22:11,22:08,22:02,21:57,21:55
D,L102,L8,23:35,23:33,23:31,23:30,23:28,23:26,23:24,23:22,23:20,23:17,23:15,,,,,,,,,,,,,,,,,,,,,,,,,,,,,,
D,N366,R5,23:49,23:47,23:45,23:43,23:41,23:39,23:37,23:35,23:33,23:30,23:28,23:26,23:24,23:21,23:19,23:18,23:15,23:11,23:10,23:06,23:03,23:02,22:56,22:52,22:45,22:41,22:36,22:31,22:23,22:21,22:19,,,,,,,,,,
D,O024,S4,00:02,00:00,23:58,23:56,23:55,23:53,23:51,23:49,23:47,23:43,23:41,23:39,23:38,23:35,23:33,23:31,23:29,23:25,23:23,23:19,23:17,23:15,23:09,23:06,,,,,,,,,,,,,,,,,
D,P366,R6,00:17,00:15,00:13,00:11,00:09,00:07,00:05,00:03,00:01,23:58,23:56,23:54,23:52,23:49,23:47,23:46,23:43,23:39,23:38,23:34,23:31,23:30,,,,,,,,,,23:24,23:18,23:16,23:14,23:08,23:01,22:58,22:52,22:47,22:45
D,R302,R5,,,,,,,,,,,,,,,,,,,,,,23:55,23:50,23:46,23:39,23:35,23:30,23:25,23:17,23:15,23:13,,,,,,,,,,
D,T302,R6,,,,,,,,,,,,,,,,,,,,,,00:19,,,,,,,,,,00:14,00:08,00:06,00:04,23:58,23:51,23:48,23:42,23:37,23:35
D,L104,L8,00:30,00:28,00:26,00:25,00:23,00:21,00:19,00:17,00:15,00:12,00:10,,,,,,,,,,,,,,,,,,,,,,,,,,,,,,
D,L106,L8,00:45,00:43,00:41,00:40,00:38,00:36,00:34,00:32,00:30,00:27,00:25,,,,,,,,,,,,,,,,,,,,,,,,,,,,,,
D,L108,L8,01:05,01:03,01:01,01:00,00:58,00:56,00:54,00:52,00:50,00:47,00:45,,,,,,,,,,,,,,,,,,,,,,,,,,,,,,
D,L110,L8,01:25,01:23,01:21,01:20,01:18,01:16,01:14,01:12,01:10,01:07,01:05,,,,,,,,,,,,,,,,,,,,,,,,,,,,,,
D,L112,L8,01:45,01:43,01:41,01:40,01:38,01:36,01:34,01:32,01:30,01:27,01:25,,,,,,,,,,,,,,,,,,,,,,,,,,,,,,
D,L114,L8,02:05,02:03,02:01,02:00,01:58,01:56,01:54,01:52,01:50,01:47,01:45,,,,,,,,,,,,,,,,,,,,,,,,,,,,,,
D,L116,L8,02:25,02:23,02:21,02:20,02:18,02:16,02:14,02:12,02:10,02:07,02:05,,,,,,,,,,,,,,,,,,,,,,,,,,,,,,
